"","INRG.L.Open","INRG.L.High","INRG.L.Low","INRG.L.Close","INRG.L.Volume","INRG.L.Adjusted"
"2016-01-01",383.950012207031,385.511993408203,369.584014892578,372.049987792969,36086,371.482574462891
"2016-01-08",366.5,368.996002197266,344,344.75,145413,344.224212646484
"2016-01-15",334.450012207031,344.507995605469,320.600006103516,331.5,46086,330.994415283203
"2016-01-22",334.799987792969,343.600006103516,333.619995117188,335.399993896484,24845,334.888488769531
"2016-01-29",346,353.299987792969,332.899993896484,341.600006103516,185927,341.079040527344
"2016-02-05",338.399993896484,338.700012207031,312.635986328125,310.600006103516,33050,310.126312255859
"2016-02-12",311.399993896484,337.795989990234,308.079010009766,333.149993896484,48336,332.641876220703
"2016-02-19",331.799987792969,347.936004638672,331.799987792969,346.350006103516,133506,345.821716308594
"2016-02-26",354.600006103516,359.884002685547,348.196014404297,359.100006103516,27953,358.552368164062
"2016-03-04",364,368.200012207031,359.700012207031,359.700012207031,16628,359.151397705078
"2016-03-11",364.799987792969,372.488006591797,364.68798828125,371.149993896484,74766,370.583923339844
"2016-03-18",375.600006103516,378.89599609375,364.864013671875,366.25,369941,365.69140625
"2016-03-25",366.25,376.799987792969,365.299987792969,375.700012207031,126189,375.127044677734
"2016-03-31",374.799987792969,377.247985839844,367.399993896484,367.25,39515,366.689880371094
"2016-04-07",371,384.320007324219,368.540008544922,380.899993896484,50545,380.319061279297
"2016-04-14",379.100006103516,379.384002685547,373.552001953125,379.850006103516,42623,379.270721435547
"2016-04-21",378.600006103516,378.600006103516,364.691986083984,371.25,455525,370.683776855469
"2016-04-28",367.600006103516,369,352.399993896484,351.799987792969,105522,351.263519287109
"2016-05-05",349.299987792969,354.75,342.600006103516,343.049987792969,31289,342.526763916016
"2016-05-12",345.200012207031,347,327.5,328.25,41880,327.791137695312
"2016-05-19",336.600006103516,341,333.619995117188,338.700012207031,397286,338.2265625
"2016-05-26",341.899993896484,353.100006103516,338.31201171875,351.5,173046,351.008666992188
"2016-06-02",351.700012207031,358.743988037109,349.299987792969,355.549987792969,16206,355.053009033203
"2016-06-09",351.299987792969,351.299987792969,336,338.350006103516,84520,337.877105712891
"2016-06-16",337.299987792969,344.631988525391,336.156005859375,344.399993896484,213952,343.918609619141
"2016-06-23",319.399993896484,383.903991699219,319.399993896484,383.799987792969,68644,383.263519287109
"2016-06-30",385,395.936004638672,383.631988525391,394.100006103516,39760,393.549133300781
"2016-07-07",394.100006103516,405.287994384766,394.100006103516,395.899993896484,37729,395.346557617188
"2016-07-14",393.295989990234,405,393.295989990234,403.950012207031,32071,403.385345458984
"2016-07-21",401.799987792969,409.444000244141,400.600006103516,402.25,10280,401.687713623047
"2016-07-28",399.200012207031,406.803985595703,394.227996826172,409.25,433183,408.678009033203
"2016-08-04",411,419.303985595703,408.399993896484,412.5,67636,411.923461914062
"2016-08-11",414,419.700012207031,412.5,416.600006103516,55904,416.017700195312
"2016-08-18",416.700012207031,416.700012207031,409.428009033203,411.299987792969,10190,410.725128173828
"2016-08-25",414.399993896484,416.25,403.212005615234,402.75,14469,402.187042236328
"2016-09-01",407.799987792969,421.600006103516,405.68798828125,420.549987792969,199043,419.962219238281
"2016-09-08",419,421.671997070312,397.847991943359,401.149993896484,94322,400.589294433594
"2016-09-15",402.700012207031,419.399993896484,402.700012207031,418.399993896484,39887,417.815155029297
"2016-09-22",421.299987792969,421.299987792969,412.480010986328,420.299987792969,32505,419.712554931641
"2016-09-29",405.799987792969,423.847991943359,405.799987792969,421.75,130231,421.160552978516
"2016-10-06",430,430,423,425.600006103516,63693,425.005096435547
"2016-10-13",434.100006103516,434.100006103516,427.351989746094,431.549987792969,22885,430.94677734375
"2016-10-20",432.971984863281,434.980010986328,424.600006103516,426.600006103516,66767,426.003692626953
"2016-10-27",423.600006103516,425.299987792969,393.700012207031,393.700012207031,64364,393.149688720703
"2016-11-04",392,406.100006103516,367.928985595703,364.75,464901,364.240173339844
"2016-11-11",362.100006103516,367.600006103516,355.5,366.399993896484,100321,365.942260742188
"2016-11-18",368.200012207031,372.085998535156,362.778015136719,371.950012207031,55201,371.485382080078
"2016-11-25",371.399993896484,376.299987792969,363.100006103516,364.25,81211,363.794982910156
"2016-12-02",360.2919921875,371.899993896484,353.700012207031,371.450012207031,46405,370.986022949219
"2016-12-09",366.963989257812,368.868011474609,362.171997070312,364.899993896484,109941,364.444152832031
"2016-12-16",364.5,371.799987792969,363.85400390625,367.799987792969,89195,367.340576171875
"2016-12-23",370.600006103516,378.309997558594,369.253997802734,376.549987792969,160379,376.079620361328
"2016-12-30",376.600006103516,387.510009765625,376,382.100006103516,84846,381.622650146484
"2017-01-06",383.100006103516,394.497985839844,382.200012207031,393.350006103516,87299,392.858612060547
"2017-01-13",395.700012207031,401.675994873047,392.614013671875,392.600006103516,147191,392.109558105469
"2017-01-20",394,395.522003173828,386,387.049987792969,128010,386.566436767578
"2017-01-27",387.100006103516,389.799987792969,379.614013671875,389,78926,388.514068603516
"2017-02-03",388.799987792969,393.799987792969,387,390.799987792969,91011,390.311767578125
"2017-02-10",395.5,408.5,393.821014404297,406.149993896484,175952,405.642639160156
"2017-02-17",405.700012207031,415.727996826172,405.690002441406,407.25,107816,406.741271972656
"2017-02-24",407.200012207031,415.627990722656,402.200012207031,411.100006103516,71798,410.586456298828
"2017-03-03",409.899993896484,415.516998291016,408.790008544922,409.600006103516,130496,409.08837890625
"2017-03-10",407.100006103516,415,406.997009277344,412.5,464905,411.984741210938
"2017-03-17",412.5,412.984985351562,393.35400390625,395,73106,394.506561279297
"2017-03-24",395.799987792969,402.601989746094,388.535003662109,397.5,341577,397.003509521484
"2017-03-30",396.799987792969,401.372009277344,395.5,397.5,97926,397.003509521484
"2017-04-06",400,401.764007568359,396.407989501953,397.549987792969,168733,397.053375244141
"2017-04-13",397.549987792969,397.549987792969,384.023986816406,385.399993896484,98406,384.918548583984
"2017-04-20",385,390.429992675781,381,380.700012207031,100807,380.224517822266
"2017-04-27",383.5,391.835998535156,382.2919921875,387.5,175835,387.015930175781
"2017-05-04",387,391.427001953125,384.873992919922,384.5,123928,384.019653320312
"2017-05-11",386.399993896484,392.536987304688,373.399993896484,375.600006103516,97671,375.179779052734
"2017-05-18",377.450988769531,389.787994384766,376.384002685547,387.950012207031,275788,387.516021728516
"2017-05-25",389.832000732422,391.480987548828,386.763000488281,388.100006103516,800007,387.665802001953
"2017-06-01",388.766998291016,389.700012207031,380.5,381.100006103516,101224,380.673645019531
"2017-06-08",388.799987792969,389.299987792969,381.049987792969,381.700012207031,63794,381.273010253906
"2017-06-15",381,391.100006103516,380.100006103516,391.649993896484,43669,391.211822509766
"2017-06-22",391.5,394.109008789062,384.100006103516,382.5,35072,382.072143554688
"2017-06-29",386.700012207031,389.899993896484,382.700012207031,384.700012207031,148247,384.269622802734
"2017-07-06",384.899993896484,393.302001953125,384.899993896484,392.049987792969,51385,391.611358642578
"2017-07-13",392.299987792969,406.002014160156,390.799987792969,404.799987792969,84839,404.347076416016
"2017-07-20",403.799987792969,405.700012207031,398.079986572266,399.799987792969,265549,399.352630615234
"2017-07-27",398.899993896484,404.600006103516,397.100006103516,403.149993896484,47312,402.698944091797
"2017-08-03",404.5,413.847991943359,402.505004882812,402.75,356583,402.299438476562
"2017-08-10",400.899993896484,416,398.997985839844,408.75,40667,408.292694091797
"2017-08-17",405.799987792969,411.600006103516,403.200012207031,411.200012207031,31726,410.739990234375
"2017-08-24",411.976013183594,413.079986572266,404.700012207031,411.850006103516,68500,411.389190673828
"2017-08-31",410.799987792969,416.075988769531,406.111999511719,406.399993896484,46661,405.945373535156
"2017-09-07",406.299987792969,407.381011962891,399.799987792969,400.700012207031,97877,400.251708984375
"2017-09-14",397.399993896484,398.894989013672,394.739990234375,394.649993896484,72332,394.208465576172
"2017-09-21",395.299987792969,395.299987792969,387.200012207031,388.399993896484,93355,387.965484619141
"2017-09-28",391.200012207031,406.657989501953,391.200012207031,407.149993896484,154471,406.694519042969
"2017-10-05",407.200012207031,408.799987792969,402.670013427734,409.149993896484,57937,408.692260742188
"2017-10-12",405.399993896484,410,401.611999511719,403.450012207031,65281,402.998687744141
"2017-10-19",407.200012207031,409.372985839844,398.700012207031,406.799987792969,54069,406.344879150391
"2017-10-26",408.799987792969,417.701995849609,407.505004882812,418.200012207031,30198,417.732116699219
"2017-11-03",411.399993896484,416.921997070312,405.700012207031,405.700012207031,159004,405.246063232422
"2017-11-10",405.5,406.600006103516,393.101989746094,395.200012207031,121358,394.757934570312
"2017-11-17",390.299987792969,390.700012207031,386.351989746094,387.350006103516,258314,386.976745605469
"2017-11-24",387.350006103516,392.100006103516,378.550994873047,379,157640,378.634765625
"2017-12-01",378.700012207031,380,371.044006347656,375.75,69253,375.387817382812
"2017-12-08",378.200012207031,386.424987792969,378.200012207031,385.549987792969,131427,385.178436279297
"2017-12-15",389.100006103516,398.055999755859,389.100006103516,398.25,214316,397.8662109375
"2017-12-22",398.700012207031,399.600006103516,395,400,48007,399.614532470703
"2017-12-29",401.839996337891,406.100006103516,399.506011962891,400.049987792969,2031135,399.664459228516
"2018-01-05",402,413,402,414.049987792969,52151,413.650939941406
"2018-01-12",415,415,400.700012207031,399.649993896484,88965,399.264801025391
"2018-01-19",400.200012207031,402,386.100006103516,389.350006103516,121368,388.974792480469
"2018-01-26",390.600006103516,398.399993896484,388.772003173828,387.049987792969,131572,386.677001953125
"2018-02-02",386,386,366.200012207031,370.850006103516,694552,370.49267578125
"2018-02-09",367.899993896484,386.399993896484,367.899993896484,384.75,232795,384.379241943359
"2018-02-16",390.299987792969,397.299987792969,389.100006103516,396.649993896484,115737,396.267730712891
"2018-02-23",393.399993896484,397.299987792969,393.399993896484,394.850006103516,55114,394.469482421875
"2018-03-02",393,396.399993896484,388.100006103516,396.149993896484,85926,395.768249511719
"2018-03-09",398.399993896484,400,397.100006103516,397.950012207031,35772,397.566497802734
"2018-03-16",396.730010986328,399.799987792969,392.100006103516,394.100006103516,50220,393.720245361328
"2018-03-23",390.100006103516,401.700012207031,390.100006103516,392.549987792969,72359,392.171691894531
"2018-03-29",392.549987792969,404.100006103516,390.399993896484,404.549987792969,156494,404.160125732422
"2018-04-05",402,402.899993896484,397.899993896484,400.25,30275,399.8642578125
"2018-04-12",397.799987792969,402.299987792969,390,402.450012207031,140393,402.062194824219
"2018-04-19",406.803985595703,406.832000732422,400.5,403.850006103516,96490,403.460784912109
"2018-04-26",412,422.100006103516,412,415.049987792969,233815,414.649993896484
"2018-05-03",414,428.899993896484,414,428.75,58707,428.336791992188
"2018-05-10",426.200012207031,428.700012207031,424.200012207031,424.799987792969,119588,424.390625
"2018-05-17",422.399993896484,429.899993896484,420.899993896484,422,406175,421.636444091797
"2018-05-24",420.299987792969,420.536987304688,413.600006103516,420,222455,419.638153076172
"2018-05-31",421.299987792969,421.299987792969,397.100006103516,396.149993896484,119934,395.808715820312
"2018-06-07",393,398.899993896484,391.5,397.799987792969,93282,397.457244873047
"2018-06-14",394.299987792969,398.5,391.399993896484,391.450012207031,69163,391.112701416016
"2018-06-21",393.700012207031,393.700012207031,383,383.700012207031,171988,383.369415283203
"2018-06-28",386.700012207031,386.899993896484,382.799987792969,385.200012207031,86922,384.868103027344
"2018-07-05",387.899993896484,395.200012207031,387.899993896484,392.850006103516,98722,392.511535644531
"2018-07-12",395.799987792969,396.600006103516,390.199005126953,396.850006103516,47064,396.508056640625
"2018-07-19",399.399993896484,404.5,397.299987792969,404.549987792969,65191,404.201446533203
"2018-07-26",405.200012207031,405.200012207031,400,403.850006103516,200807,403.502044677734
"2018-08-02",403,404.799987792969,399,403.850006103516,54473,403.502044677734
"2018-08-09",405,405,383.100006103516,388.700012207031,163301,388.365112304688
"2018-08-16",388.299987792969,397.299987792969,387.799987792969,392.200012207031,56331,391.862152099609
"2018-08-23",393,398.200012207031,389.236999511719,388.700012207031,48083,388.365112304688
"2018-08-30",390.799987792969,395.546997070312,383.200012207031,384.799987792969,83625,384.468475341797
"2018-09-06",384.299987792969,384.299987792969,377.799987792969,378.049987792969,33330,377.724212646484
"2018-09-13",379.5,383.5,376.100006103516,382.549987792969,59354,382.220336914062
"2018-09-20",382.899993896484,390.399993896484,381.299987792969,382.850006103516,80144,382.520172119141
"2018-09-27",383.100006103516,389.5,379,379,58793,378.673461914062
"2018-10-04",378.299987792969,378.299987792969,358.200012207031,361,56579,360.689025878906
"2018-10-11",363.100006103516,375.299987792969,362.600006103516,373.600006103516,120401,373.278106689453
"2018-10-18",373.484008789062,377.5,363.600006103516,368.149993896484,25131,367.832763671875
"2018-10-25",365.200012207031,374.100006103516,362.200012207031,373.450012207031,63971,373.128234863281
"2018-11-02",378.100006103516,391.5,374,389.75,67918,389.414154052734
"2018-11-09",390,395.200012207031,380.626007080078,385.950012207031,49049,385.617462158203
"2018-11-16",388.373992919922,389.399993896484,379.5,382.399993896484,78432,382.131988525391
"2018-11-23",384.399993896484,404.299987792969,383.100006103516,402.850006103516,149076,402.567687988281
"2018-11-30",406.5,408.899993896484,392.700012207031,390.049987792969,166561,389.776611328125
"2018-12-07",396.399993896484,401.700012207031,391.899993896484,401.549987792969,82829,401.268524169922
"2018-12-14",400.829010009766,401.016998291016,379.899993896484,379.899993896484,129332,379.633758544922
"2018-12-21",376.5,378.5,369.850006103516,372.100006103516,16530,371.839172363281
"2018-12-28",375.200012207031,385,372.299987792969,380.100006103516,31932,379.833557128906
"2019-01-04",381.5,400.299987792969,381.5,400.399993896484,214512,400.119323730469
"2019-01-11",398.5,400,394.899993896484,398.899993896484,64538,398.620422363281
"2019-01-18",400.399993896484,404.200012207031,395.299987792969,404.549987792969,22238,404.266448974609
"2019-01-25",405,416.799987792969,401.100006103516,416.450012207031,88283,416.158142089844
"2019-02-01",420.299987792969,426.700012207031,417.700012207031,418.950012207031,149843,418.656372070312
"2019-02-08",420.799987792969,435.200012207031,418,434.049987792969,84507,433.745727539062
"2019-02-15",434,436.5,427.5,429.600006103516,136187,429.298919677734
"2019-02-22",432.5,436.899993896484,419.899993896484,422.950012207031,127028,422.653594970703
"2019-03-01",427.100006103516,431.200012207031,420.700012207031,423.600006103516,228190,423.303131103516
"2019-03-08",417.600006103516,432,417.5,429.149993896484,65779,428.849243164062
"2019-03-15",432.700012207031,437.399993896484,430.399993896484,437.799987792969,201846,437.493194580078
"2019-03-22",435.100006103516,435.100006103516,419.700012207031,427.850006103516,154400,427.550109863281
"2019-03-29",432.100006103516,441.600006103516,430.399993896484,441.649993896484,145470,441.340515136719
"2019-04-04",443.100006103516,451.200012207031,442.799987792969,444.700012207031,114977,444.388244628906
"2019-04-11",446,450.5,442.200012207031,448.700012207031,242058,448.385528564453
"2019-04-18",448.700012207031,455,448.700012207031,452.299987792969,171004,451.982940673828
"2019-04-25",452.600006103516,457.100006103516,447.5,446.299987792969,275366,445.987121582031
"2019-05-02",449.100006103516,452.700012207031,441.200012207031,439.950012207031,167903,439.641662597656
"2019-05-09",446.899993896484,451.5,435.799987792969,451.5,147811,451.183532714844
"2019-05-16",448.100006103516,458.100006103516,443.700012207031,450.799987792969,96788,450.5146484375
"2019-05-23",450.899993896484,457.5,449.200012207031,457.200012207031,148777,456.91064453125
"2019-05-30",455.899993896484,466.700012207031,454,463.100006103516,295484,462.806915283203
"2019-06-06",466.399993896484,475,466.399993896484,474.5,268769,474.19970703125
"2019-06-13",476.399993896484,486.600006103516,473.200012207031,485.100006103516,583390,484.792999267578
"2019-06-20",485,487.5,478,478,228073,477.697479248047
"2019-06-27",485.399993896484,501.75,483.200012207031,500.049987792969,266291,499.733520507812
"2019-07-04",500.25,504.25,497.5,501.625,201051,501.307556152344
"2019-07-11",499,505,497.100006103516,500.100006103516,246950,499.783508300781
"2019-07-18",505.25,505.25,497.399993896484,498.5,228177,498.184509277344
"2019-07-25",501.75,523.5,499.5,523.625,171528,523.293640136719
"2019-08-01",511.75,521.440002441406,491.5,520.875,294750,520.545349121094
"2019-08-08",524.5,531.25,505.907989501953,506.75,283840,506.429260253906
"2019-08-15",509.75,530.052001953125,508.5,517.125,359932,516.797729492188
"2019-08-22",520.5,521.52099609375,511.625,514.375,137841,514.049438476562
"2019-08-29",517.25,533.25,517.205017089844,523.625,264605,523.293640136719
"2019-09-05",522.75,526,505.768005371094,522.125,235934,521.794494628906
"2019-09-12",516.75,589.52197265625,511,528,459626,527.665771484375
"2019-09-19",526.25,531.554992675781,517.642028808594,520.25,627316,519.920715332031
"2019-09-26",521,521.75,497.799987792969,501.375,479639,501.057739257812
"2019-10-03",508.5,521.955017089844,506.636993408203,519.125,466020,518.796508789062
"2019-10-10",514,514.924987792969,486.200012207031,493.5,383627,493.187683105469
"2019-10-17",487.799987792969,497.507995605469,486,493.799987792969,312232,493.487457275391
"2019-10-24",491.799987792969,493.944000244141,474.899993896484,477.850006103516,378454,477.547576904297
"2019-11-01",478.600006103516,484.446014404297,474.627990722656,478.799987792969,433122,478.496948242188
"2019-11-08",476.5,483.600006103516,474.200012207031,474.600006103516,485456,474.299652099609
"2019-11-15",476.600006103516,478.399993896484,468.700012207031,469.299987792969,287298,469.05322265625
"2019-11-22",472.299987792969,487.535003662109,470.743988037109,486.399993896484,299573,486.144317626953
"2019-11-29",487.799987792969,492.632995605469,482.040008544922,485.100006103516,393189,484.844970703125
"2019-12-06",485.799987792969,494.876007080078,482.063995361328,493.600006103516,305100,493.340515136719
"2019-12-13",489.399993896484,513.059997558594,486.380004882812,512.25,297701,511.980590820312
"2019-12-20",514.5,524.25,510.480010986328,520.875,166974,520.601196289062
"2019-12-27",522.75,525.030029296875,510.429992675781,518.75,329012,518.477233886719
"2020-01-03",523.5,530,514.419982910156,530,3410480,529.721374511719
"2020-01-10",529,547.650024414062,527.659973144531,543.375,789912,543.089477539062
"2020-01-17",547,554,538.47998046875,544.25,1088183,543.9638671875
"2020-01-24",545,560,535.25,538.5,1684531,538.216857910156
"2020-01-31",541,577.25,531.5,574.25,944603,573.948059082031
"2020-02-07",577,594.25,565.75,587,953620,586.69140625
"2020-02-14",587.75,642.5,587.599975585938,626.25,1763444,625.920837402344
"2020-02-21",633.25,642.140014648438,554.75,563.75,2013571,563.45361328125
"2020-02-28",551.25,643,450,585,1802249,584.692443847656
"2020-03-06",574,594,422.239990234375,428,1343446,427.774932861328
"2020-03-13",431.799987792969,548,400,420,1405338,419.779235839844
"2020-03-20",450,492.5,409.747985839844,483.25,669196,482.995971679688
"2020-03-27",473.399993896484,473.399993896484,425.100006103516,439.700012207031,641480,439.468872070312
"2020-04-02",420,496.299987792969,420,488.299987792969,651759,488.043273925781
"2020-04-09",488.299987792969,500,464.399993896484,476,815100,475.749755859375
"2020-04-16",478.100006103516,499.799987792969,469.544006347656,484.850006103516,558542,484.595153808594
"2020-04-23",478.200012207031,521.875,471.399993896484,495.25,1966287,494.989685058594
"2020-04-30",480.399993896484,507,472.399993896484,503.375,1463171,503.110382080078
"2020-05-07",503.375,533.5,490.691986083984,499.100006103516,1136067,498.837585449219
"2020-05-14",508.75,545,497,532.75,762835,532.496704101562
"2020-05-21",530,558.5,527.5,555.5,2397031,555.235900878906
"2020-05-28",543,569,542,562.875,940779,562.607482910156
"2020-06-04",566.75,583.25,545.5,547,1340332,546.739990234375
"2020-06-11",543.5,576.75,539,569.25,1550214,568.979370117188
"2020-06-18",571,585.75,562.5,566,1563380,565.730834960938
"2020-06-25",571.75,600.5,560.75,596.75,609072,596.466247558594
"2020-07-02",600,628.25,595.75,611.5,1205622,611.209228515625
"2020-07-09",613,647.25,610,642.25,1496960,641.944580078125
"2020-07-16",644,675,639.5,672.75,1202487,672.43017578125
"2020-07-23",668,669,630,636.75,1218767,636.447265625
"2020-07-30",635.5,690,626.455993652344,683.25,1136652,682.925170898438
"2020-08-06",683,719.75,680.25,717,1286193,716.659118652344
"2020-08-13",715.25,725,704,716.5,1279531,716.159240722656
"2020-08-20",709.5,742,706,735.25,1050730,734.900451660156
"2020-08-27",741.5,758.5,702,708.75,1582687,708.412963867188
"2020-09-03",707.5,737,670,734.25,1901281,733.90087890625
"2020-09-10",733.5,762.75,726.5,740.5,2782897,740.14794921875
"2020-09-17",744,765.75,722,742.25,2089411,741.89697265625
"2020-09-24",740.75,849.25,731.75,843.5,2314498,843.098876953125
"2020-10-01",838,971,831,949.5,5692886,949.048461914062
"2020-10-08",934.75,950.5,900.5,919.75,5437506,919.312744140625
"2020-10-15",927.5,944.5,868.5,873.5,3693274,873.084716796875
"2020-10-22",884.25,897,853.75,872.5,5735061,872.085144042969
"2020-10-30",866.5,931,855,930.75,4273096,930.307434082031
"2020-11-06",930.25,1010,907.799987792969,958.75,5592243,958.294067382812
"2020-11-13",957.5,957.5,927,941,4060220,940.583618164062
"2020-11-20",935,1001,935,999.25,4236808,998.807922363281
"2020-11-27",995,1041,980.039978027344,985.75,12374612,985.31396484375
"2020-12-04",984.75,1020,969.25,1008.5,5018697,1008.05383300781
"2020-12-11",1013,1079,1004,1070.5,4500941,1070.02648925781
"2020-12-18",1087.5,1209.5,1084,1180,6486683,1179.47802734375
"2020-12-25",1180,1225,1167,1191.5,2898527,1190.97290039062
"2021-01-01",1191.5,1430,1191.5,1425,9241713,1424.36962890625
"2021-01-08",1435.5,1497.5,1330,1359,15763887,1358.39868164062
"2021-01-15",1348,1354,1251.5,1348,11245010,1347.40368652344
"2021-01-22",1360,1410.5,1189.5,1262,15100148,1261.44152832031
"2021-01-29",1265,1330,1245,1301,8383469,1300.42443847656
"2021-02-05",1305,1322.5,1263.5,1294.5,7972656,1293.92736816406
"2021-02-12",1285,1288,1140,1148,10958468,1147.49194335938
"2021-02-19",1133,1179,999.5,1065,16137077,1064.52880859375
"2021-02-26",1029.5,1107,955,975.75,12941512,975.318298339844
"2021-03-05",956,1046,890,1046,18499554,1045.53723144531
"2021-03-12",1056.5,1056.5,957.780029296875,960.5,12646439,960.075012207031
"2021-03-19",944.25,1001,901,927.5,9894108,927.089721679688
"2021-03-26",942.75,1038.5,930.75,1013,9038755,1012.55187988281
"2021-04-01",1013,1013,950,981.5,4028625,981.065795898438
"2021-04-08",985,993.5,946.75,958.75,8836013,958.325744628906
"2021-04-15",961.75,1007.5,936.5,1002,10888516,1001.55670166016
"2021-04-22",1004.5,1019,961.5,964.5,6234317,964.073303222656
"2021-04-29",965.5,972,878,885.25,10733574,884.8583984375
"2021-05-06",886,913.234985351562,820,844,20259401,843.626647949219
"2021-05-13",844.25,906.25,844.25,906.25,4969751,905.881652832031
"2021-05-20",908,925,903.75,913.75,3904749,913.378479003906
"2021-05-27",916,934,886.75,896.25,3174264,895.885620117188
"2021-06-03",897.75,912.75,886.5,899.75,3637471,899.38427734375
"2021-06-10",909.75,937.25,905,934.5,3794342,934.1201171875
"2021-06-17",945,951.75,918.25,946,6278375,945.615417480469
"2021-06-24",946,998.25,943.5,974,4963124,973.60400390625
"2021-07-01",980,996,948.25,961.25,2770910,960.859313964844
"2021-07-08",967,972,916.908020019531,919.5,4079236,919.126220703125
"2021-07-15",919,963.5,895,951,3758340,950.613342285156
"2021-07-22",951,957.75,905.75,935.75,2345117,935.369689941406
"2021-07-29",930.75,958.25,924.75,949,3491945,948.6142578125
"2021-08-05",951,970,938,940.75,2647449,940.367553710938
"2021-08-12",948.5,953,916.5,938,1990049,937.618774414062
"2021-08-19",943.25,971.5,934.75,961.25,3470594,960.859313964844
"2021-08-26",962,989.75,950,988.5,1381541,988.098205566406
"2021-09-02",987.75,989,945,950.5,1920054,950.113647460938
"2021-09-09",952.75,955.75,922.5,928,2455702,927.622863769531
"2021-09-16",930,960,913,946.25,2786858,945.865417480469
"2021-09-23",942.5,947.588012695312,915.25,915.25,2284209,914.8779296875
"2021-09-30",915,924,870,907,4660057,906.63134765625
"2021-10-07",906.5,965.25,885,949.75,4714557,949.363952636719
"2021-10-14",958.5,992.5,945.5,981.5,2583957,981.101013183594
"2021-10-21",983.75,1041,973.75,1037,2544797,1036.57836914062
"2021-10-28",1040,1084,1011.5,1040,4430270,1039.5771484375
"2021-11-05",1041.5,1061.11999511719,1021.5,1057,2647028,1056.5703125
"2021-11-12",1058,1071.61999511719,1022,1029.5,1738119,1029.11706542969
"2021-11-19",1032.5,1060.5,1000,1037.5,2705687,1037.11389160156
"2021-11-26",1016,1024.5,961.5,973,3057574,972.637939453125
"2021-12-03",977.25,1001,931,977.75,2228546,977.386352539062
"2021-12-10",966,971.25,909.25,925.75,2116300,925.405578613281
"2021-12-17",913.5,920.75,879.25,904.75,2382623,904.413391113281
"2021-12-24",912,913.75,880,902.5,999018,902.164184570312
"2021-12-31",900.25,911,827,838.75,2548464,838.43798828125
"2022-01-07",835.75,842.25,808.223022460938,830.75,3120030,830.44091796875
"2022-01-14",821.25,823.75,788,821.5,6472087,821.194274902344
"2022-01-21",806.25,806.25,741.25,766.5,5446260,766.214782714844
"2022-01-28",757.5,803.25,735.25,771.25,3101987,770.963073730469
"2022-02-04",779,812.25,757.75,791.75,2360866,791.455383300781
"2022-02-11",778.25,795.75,750.880981445312,785.5,3589772,785.207824707031
"2022-02-18",780,786,714,780,5454081,779.709838867188
"2022-02-25",800.25,897.75,790.25,840.5,5172069,840.187316894531
"2022-03-04",834.25,949.5,831.75,905.75,8367036,905.412963867188
"2022-03-11",922,939.5,859.75,912.5,3588110,912.160461425781
"2022-03-18",917.25,926,904,914,2132848,913.659912109375
"2022-03-25",923,948.5,900.950012207031,942.75,3328721,942.399230957031
"2022-03-31",949,988.5,939.929016113281,943.75,2982253,943.398864746094
"2022-04-07",952,953.25,906.75,916.25,2254259,915.909118652344
"2022-04-14",916.25,937.5,880.25,880.75,5457471,880.42236328125
"2022-04-21",874.5,890.25,854.5,865,2655116,864.678283691406
"2022-04-28",880.75,920.25,861.5,881.5,1499689,881.171997070312
"2022-05-05",888.25,892.75,766.5,792.75,2025399,792.455078125
"2022-05-12",795,864,795,864,2442030,863.705322265625
"2022-05-19",872.25,892.25,854,890.75,1425510,890.4462890625
"2022-05-26",890.25,922.5,883,899.75,1484709,899.443237304688
"2022-06-02",899.75,959.5,899.75,930,1306753,929.682922363281
"2022-06-09",921,926.75,838.68798828125,839.75,1937705,839.463623046875
"2022-06-16",844,904,840.75,892.75,1442537,892.445556640625
"2022-06-23",910,935.75,871.5,896,4967774,895.694396972656
"2022-06-30",891.75,947.75,886.5,943.375,1199013,943.053344726562
"2022-07-07",938,962.5,907.242980957031,920,1720720,919.686340332031
"2022-07-14",922.5,949,881.25,937,1975371,936.680480957031
"2022-07-21",942.5,1045,921.5,1027,1670155,1026.64965820312
"2022-07-28",1030,1060.5,1014.5,1045,2272461,1044.64379882812
"2022-08-04",1047,1124.5,1008,1109.5,3644945,1109.12182617188
"2022-08-11",1103,1128,1090,1111.5,6382497,1111.12097167969
"2022-08-18",1112,1129.5,1067,1110,2036533,1109.62158203125
"2022-08-25",1126.5,1128.5,1065,1072.5,2209953,1072.13427734375
"2022-09-01",1080,1145,1000,1139,2091528,1138.61145019531
"2022-09-08",1142.5,1150,1105,1114,1614602,1113.62023925781
"2022-09-15",1110,1116,1050.5,1053.5,1176496,1053.14074707031
"2022-09-22",1050.5,1078.5,993.5,995,1555969,994.660705566406
"2022-09-29",992,1030.5,974.5,983.5,1677945,983.164611816406
"2022-10-06",973.75,1105,861,900,1829845,899.693115234375
"2022-10-13",922.5,936,892.5,907.25,2802223,906.940551757812
"2022-10-20",905.5,945,890.52001953125,942.75,1255427,942.428527832031
"2022-10-27",931,977,922.5,975.5,1130470,975.167358398438
"2022-11-04",980.25,1009.55999755859,946.25,1000.625,5525557,1000.28381347656
"2022-11-11",1007.5,1020.5,969.25,986.5,1205370,986.163635253906
"2022-11-18",982.5,998.25,978,994,753202,993.684143066406
"2022-11-25",995.5,1007,973.5,985,1271632,984.68701171875
"2022-12-02",982.75,996.5,954.5,967.25,1182816,966.942565917969
"2022-12-09",970.25,992.5,950,977.875,1144757,977.564392089844
"2022-12-16",980.25,980.25,945,957,797314,956.695922851562
"2022-12-23",958.25,958.25,926.5,949.5,536083,949.1982421875
"2022-12-30",942,966.25,932.75,935.25,4236001,934.952819824219
"2023-01-06",939.25,997.25,935,995.5,3797777,995.183654785156
"2023-01-13",998.75,1006,945.5,945.5,4384371,945.199645996094
"2023-01-20",954.25,977.25,940.25,949.25,2710976,948.948303222656
"2023-01-27",941.25,990,936.75,980,2437052,979.688659667969
"2023-02-03",972.5,977,933.75,934.25,2794956,933.953125
"2023-02-10",929.5,963.5,914.75,950,2074583,949.698181152344
"2023-02-17",935,942.5,906.75,912.25,4094425,911.960083007812
"2023-02-24",917.25,935.25,903.640014648438,921.75,2023658,921.457092285156
"2023-03-03",927.75,959.75,924.25,954.5,1097594,954.196655273438
"2023-03-10",931.25,942.5,885,890,2129191,889.717224121094
"2023-03-17",896.75,899.75,851,892,2036158,891.716552734375
"2023-03-24",882,914.5,868.25,907.5,1195063,907.211669921875
"2023-03-30",904.25,921.25,876,882,1034583,881.7197265625
"2023-04-06",882,908.5,882,899,431493,898.71435546875
"2023-04-13",906.25,924.25,896.25,903,1129073,902.713073730469
"2023-04-20",912,914.5,855.75,868.75,1470499,868.473937988281
"2023-04-27",860.25,865.25,829,837.875,1265050,837.608703613281
"2023-05-04",834,849.25,825.75,844.125,1380965,843.856750488281
"2023-05-11",845.25,886.75,843.25,866,1090507,865.724792480469
"2023-05-18",862,870,852,853.5,1342526,853.228759765625
"2023-05-25",857,862,834.25,847,705207,846.751586914062
"2023-06-01",857,867.25,849.25,850,1445992,849.750671386719
"2023-06-08",849.5,865,841.75,846,1526121,845.751831054688
"2023-06-15",846,852.25,809.75,815.125,656442,814.885864257812
"2023-06-22",810,825.5,798.5,817.25,693979,817.01025390625
"2023-06-29",816.5,841.75,796.25,796.25,503853,796.016479492188
"2023-07-06",797.5,830.25,792.75,826.25,858804,826.007629394531
"2023-07-13",827.25,852.75,814.25,837.125,889999,836.879455566406
"2023-07-20",838,844.75,818.5,818.75,613766,818.509887695312
"2023-07-27",813.75,825.75,780,782.75,680323,782.520385742188
"2023-08-03",779.75,784.75,760,773.5,1348276,773.273132324219
"2023-08-10",769.5,769.5,722,723.25,469200,723.037841796875
"2023-08-17",720,735.75,712.75,726.25,500660,726.036987304688
"2023-08-24",723.5,748.75,722.25,729,728714,728.786193847656
"2023-08-31",728.5,736.969970703125,702.75,705.5,1451408,705.293029785156
"2023-09-07",712.5,731.25,707.25,730,505826,729.785766601562
"2023-09-14",730.75,737,711.5,714.5,754055,714.290405273438
"2023-09-21",714.25,721.5,680,685.25,1698913,685.048950195312
"2023-09-28",688.75,700.25,639.359985351562,640,900463,639.812255859375
"2023-10-05",641.5,687.5,632.5,670.5,1414318,670.303344726562
"2023-10-12",670.5,676.75,654.5,657.25,563610,657.057189941406
"2023-10-19",630.75,642,616.5,632.5,1484333,632.314453125
"2023-10-26",627.5,627.5,597.25,621.25,771130,621.067749023438
"2023-11-03",623.25,642.75,614.5,621,919506,620.817810058594
"2023-11-10",615.75,659.5,602.75,637.75,1933221,637.562927246094
"2023-11-17",639,650.5,633,636,2225092,635.848327636719
"2023-11-24",633.5,643,617.5,640.25,1123962,640.097351074219
"2023-12-01",643,662.5,634.25,647,648014,646.845642089844
"2023-12-08",646.25,684.25,625.75,678.25,1054919,678.088256835938
"2023-12-15",679,698.75,675,698.5,904017,698.333435058594
"2023-12-22",695.25,713.5,690.5,707.75,441486,707.581176757812
"2023-12-29",710.25,713.5,625,680,518251,679.837768554688
"2024-01-05",675.5,679.5,656,659.5,940416,659.342712402344
"2024-01-12",661.5,668.5,619.75,624.25,738069,624.101135253906
"2024-01-19",624.5,647.25,614.25,629,724953,628.849975585938
"2024-01-26",633.5,651.5,622.75,637.25,800228,637.097961425781
"2024-02-02",643.5,656.25,619.25,644.25,1196934,644.096313476562
"2024-02-09",645.25,677.5,639.75,668.5,1697958,668.340515136719
"2024-02-16",672.5,674.75,633.25,635.5,2252122,635.348449707031
"2024-02-23",630,640.75,615,628.25,2655729,628.100158691406
"2024-03-01",634.25,644.5,624.75,638,1168468,637.847839355469
"2024-03-08",643.5,650,611.25,611.25,880961,611.104248046875
"2024-03-15",610.75,628.25,603.25,622,1065560,621.851684570312
"2024-03-22",624,641.75,614.75,636,2043605,635.848327636719
"2024-03-29",636,643.25,619.919982910156,641.5,817997,641.346984863281
"2024-04-04",630.75,645.75,620,629.25,1246015,629.099853515625
"2024-04-11",634.5,640.75,600.75,610.5,1748692,610.354370117188
"2024-04-18",602.25,617.5,593.5,595.5,1681030,595.357971191406
"2024-04-25",601,617.75,599.5,615.25,1419118,615.103271484375
"2024-05-02",618.25,643.5,605.75,636.5,942534,636.348205566406
"2024-05-09",638.25,656,630.75,643.75,1177920,643.596435546875
"2024-05-16",645.5,669,632.75,657.75,1264882,657.612976074219
"2024-05-23",657.5,681.75,652.25,673.75,922052,673.609619140625
"2024-05-30",675.25,684,664.5,669.25,954171,669.110534667969
"2024-06-06",667,682.75,621,665.25,1369338,665.111389160156
"2024-06-13",665,665.75,624,636.125,625792,635.992431640625
"2024-06-20",638,642,618.25,621.375,735457,621.245483398438
"2024-06-27",622.5,628.5,599.760009765625,617.5,1088987,617.371337890625
"2024-07-04",616,635.75,609,632.5,1603838,632.3681640625
"2024-07-11",635.25,640.5,612.75,616.5,2415924,616.371520996094
"2024-07-18",611.75,627.75,609.75,626.375,1673485,626.244445800781
"2024-07-25",629.5,641.5,623.75,632.5,3282607,632.3681640625
"2024-08-01",632.5,633.5,592.25,629.75,1325354,629.618774414062
"2024-08-08",623.5,637.5,585,635,1473410,634.86767578125
"2024-08-15",638.25,639.5,619.75,620.25,1071651,620.120788574219
"2024-08-22",617.5,632.275024414062,616.599975585938,623.75,387178,623.620056152344
"2024-08-29",623.75,629.25,607,620.5,787015,620.370727539062
"2024-09-05",619.25,635.75,605,627.5,1695067,627.369262695312
"2024-09-12",627,646.75,626,633.75,506347,633.617980957031
"2024-09-19",628.5,634.75,619.5,627.5,573517,627.369262695312
"2024-09-26",631.25,639.5,621,625.5,1358971,625.369689941406
"2024-10-03",625,633,599.5,601,2181774,600.874755859375
"2024-10-10",599,605.75,592.75,595.5,613719,595.375915527344
"2024-10-17",593,596.5,580.75,581.375,1933101,581.253845214844
"2024-10-24",585.25,592.25,573.75,585,3781797,584.878112792969
"2024-11-01",585.75,600,550,560.125,2289385,560.008239746094
"2024-11-08",557.75,559.5,535,541.25,1396331,541.137268066406
"2024-11-15",548.5,555.5,540.5,545,1088232,544.932983398438
"2024-11-22",543.75,562.75,541.989990234375,557,1063652,556.931518554688
"2024-11-29",555,563,543.25,547.25,1479892,547.182678222656
"2024-12-06",545.75,557.25,535,541.5,1456137,541.433410644531
"2024-12-13",544,544.75,513.5,525,854491,524.935424804688
"2024-12-20",522.25,536.75,517,535,377751,534.934204101562
"2024-12-27",530.5,540,521.5,539.5,543212,539.433654785156
"2025-01-03",537.75,548.75,535.25,538,640011,537.933837890625
"2025-01-10",537.75,540.5,523.75,536.5,833171,536.434020996094
"2025-01-17",540.25,544.25,512.25,516.5,1281348,516.436462402344
"2025-01-24",519.75,528.25,508.5,527.5,1386120,527.435119628906
"2025-01-31",529.75,534.25,516,529.25,1573148,529.184875488281
"2025-02-07",528,530.5,510,513.75,940162,513.686828613281
"2025-02-14",515.75,526,502.25,519.5,1053786,519.436096191406
"2025-02-21",522.5,531,517.25,517.5,600705,517.436401367188
"2025-02-28",510.75,513.75,491.700012207031,503,995113,502.938140869141
"2025-03-07",507,517,503.850006103516,510.375,994945,510.312255859375
"2025-03-14",510.75,527.25,510.75,523.25,508062,523.185668945312
"2025-03-21",523.25,525.75,510.25,513.125,455251,513.061889648438
"2025-03-28",511.75,516.5,500,512,890112,511.937042236328
"2025-04-03",513.25,517.5,468.299987792969,481.100006103516,1378576,481.040832519531
"2025-04-10",487.100006103516,500,481.200012207031,497.200012207031,429078,497.138854980469
"2025-04-17",497.200012207031,506.75,493.899993896484,504,244330,503.938018798828
"2025-04-24",506.75,678.159973144531,502,678.159973144531,382181,678.076599121094
"2025-05-01",682.159973144531,687.869995117188,681.669982910156,687.869995117188,0,687.785400390625
"2025-05-08",698.390014648438,743.390014648438,698.390014648438,742.530029296875,0,742.438720703125
"2025-05-15",739.380004882812,739.380004882812,525.5,529,1045999,528.954956054688
"2025-05-22",529.5,539.25,520,536.75,909221,536.704284667969
"2025-05-29",536.75,544.25,528.5,540.25,540582,540.203979492188
"2025-06-05",545.25,562.5,544,556.625,1253021,556.577575683594
"2025-06-12",555,568.5,539.25,541.5,699417,541.453857421875
"2025-06-19",546,552,539.700012207031,550.375,415539,550.328125
"2025-06-26",552.5,584.75,544.75,584,748664,583.950256347656
"2025-07-03",580,585.25,569.25,575.25,477565,575.200988769531
"2025-07-10",575,585.75,572,579.5,467672,579.450622558594
"2025-07-17",580,597.25,578.25,595.25,1062542,595.199279785156
"2025-07-24",595.25,604.75,586,586.25,1012308,586.200073242188
"2025-07-31",588,592.75,583.75,586.25,1003786,586.200073242188
"2025-08-07",591,593.5,577.25,578.75,605662,578.70068359375
"2025-08-14",582.75,619,581.25,610,913990,609.948059082031
"2025-08-21",609,622.5,607.75,621.75,623278,621.697021484375
"2025-08-28",621,621.5,604.25,612.5,722974,612.447814941406
"2025-09-04",618.25,629.75,615.25,626.625,530265,626.571655273438
"2025-09-11",625.25,644.25,619,639,605256,638.945556640625
"2025-09-18",641.75,660,641.293029785156,651.25,763576,651.194519042969
"2025-09-25",654.25,683.25,649.25,680,816364,679.942077636719
"2025-10-02",684,701.5,681,699.5,1321528,699.4404296875
"2025-10-09",699.5,733.75,686.25,728.75,1432321,728.687927246094
"2025-10-16",708.25,721.75,688.75,701.5,1123945,701.440246582031
"2025-10-23",726.25,765.75,718.25,753,1258673,752.935852050781
"2025-10-31",749.5,800,748.25,782,2062573,781.933410644531
"2025-11-07",785.25,792.25,733.25,734.25,1773467,734.187438964844
"2025-11-14",731.25,748,715,721.25,1210789,721.25
"2025-11-21",704.25,725.75,684,722.75,930634,722.75
"2025-11-28",723.75,732.25,708.25,720.25,931222,720.25
"2025-12-05",730,730,704,716,2997447,716
"2025-12-12",729.75,730,688.25,699.5,696847,699.5
"2025-12-19",702.75,713.75,698.5,706,441263,706
"2025-12-26",706,711.25,700,701.75,181358,701.75
