"","IWDP.L.Open","IWDP.L.High","IWDP.L.Low","IWDP.L.Close","IWDP.L.Volume","IWDP.L.Adjusted"
"2016-01-01",1616,1629,1594,1614.5,293523,1609.35412597656
"2016-01-08",1608,1620,1566.5,1574,335731,1568.98376464844
"2016-01-15",1566.5,1601.56994628906,1537,1565.25,567452,1560.26086425781
"2016-01-22",1568,1609.5,1562.03503417969,1582.25,522637,1577.20715332031
"2016-01-29",1590,1619.15002441406,1570,1592,646275,1586.92565917969
"2016-02-05",1604,1604,1490,1501,287278,1496.21557617188
"2016-02-12",1509.5,1587.52294921875,1492,1577.25,502621,1572.34375
"2016-02-19",1590,1657.5,1582,1655.25,818015,1650.10095214844
"2016-02-26",1670,1696.15002441406,1647.74694824219,1675,441721,1669.78955078125
"2016-03-04",1685,1706,1669,1669.75,456161,1664.55603027344
"2016-03-11",1689.5,1745.5,1683.5,1726.5,309045,1721.12951660156
"2016-03-18",1730.5,1756.05004882812,1722,1726,606903,1720.63073730469
"2016-03-25",1726,1764,1723.40002441406,1754.5,180118,1749.04223632812
"2016-03-31",1755,1791.40002441406,1747,1775,421841,1769.47863769531
"2016-04-07",1786,1798.79296875,1767,1786,1370596,1780.44421386719
"2016-04-14",1768.5,1797,1747.19995117188,1758.5,286318,1753.02990722656
"2016-04-21",1736.5,1746.5,1722,1740.25,330858,1734.83666992188
"2016-04-28",1721,1772.77905273438,1710,1759,346020,1753.52844238281
"2016-05-05",1759,1808,1728,1733.5,892887,1728.10778808594
"2016-05-12",1744,1761.5,1666.75,1668.25,919733,1663.22314453125
"2016-05-19",1686,1713.17004394531,1673.39501953125,1699.5,348125,1694.37902832031
"2016-05-26",1704,1739.76000976562,1698.88000488281,1731,505234,1725.78405761719
"2016-06-02",1743.5,1773.96301269531,1734.09997558594,1765.75,1258635,1760.42907714844
"2016-06-09",1762,1785.11999511719,1757.38000488281,1784.5,340748,1779.12255859375
"2016-06-16",1772,1779.93603515625,1733.22998046875,1745.75,606545,1740.48913574219
"2016-06-23",1784,1969.5,1692.30297851562,1953.25,464426,1947.36413574219
"2016-06-30",1967.5,2031,1966.59997558594,2013.75,1389989,2007.68188476562
"2016-07-07",2017,2062,2010.04699707031,2011.75,870820,2005.68737792969
"2016-07-14",1992,2057.5,1984.64001464844,2038,1188182,2031.85913085938
"2016-07-21",2039,2081.78002929688,2012,2063.25,617846,2057.0322265625
"2016-07-28",2056.5,2090.5,2022.33996582031,2061.5,1236251,2055.28784179688
"2016-08-04",2067,2101.26489257812,2058.6650390625,2074.5,1144345,2068.24926757812
"2016-08-11",2067.5,2102,2036.38500976562,2041.5,1766445,2035.49267578125
"2016-08-18",2036.5,2050,2007.46496582031,2037,1690711,2031.00573730469
"2016-08-25",2028.5,2043.43994140625,1978.66003417969,1998.5,534464,1992.61938476562
"2016-09-01",1998.5,2041.02001953125,1975.31298828125,2026.75,896883,2020.78564453125
"2016-09-08",2020.5,2020.5,1938.26000976562,1953.25,550553,1947.50207519531
"2016-09-15",1947.5,2032.5,1947.5,2026.25,354151,2020.28747558594
"2016-09-22",2043,2070.5,2030.92004394531,2041.5,483660,2035.49267578125
"2016-09-29",2030.5,2049.5,1972.5,1980.75,533254,1974.92138671875
"2016-10-06",2011,2051.5,1989.7490234375,2052,359612,2045.96166992188
"2016-10-13",2062,2074.34008789062,2042.06005859375,2056,500927,2049.94970703125
"2016-10-20",2056,2084.2451171875,2000,2002.75,2893484,1996.85668945312
"2016-10-27",1993,2025.22998046875,1934.5,1936,519895,1930.30297851562
"2016-11-04",1932.5,1977.26000976562,1861.625,1876.5,543285,1870.97790527344
"2016-11-11",1866,1916.5,1840,1885.75,660563,1880.34375
"2016-11-18",1876,1911.33703613281,1869.76904296875,1889.25,1088980,1883.83349609375
"2016-11-25",1892,1930.63098144531,1853.5,1871,885771,1865.63586425781
"2016-12-02",1855.5,1934.69604492188,1849.5,1934.5,421226,1928.95385742188
"2016-12-09",1930,1949,1901,1921.25,606584,1915.74182128906
"2016-12-16",1912.5,1971,1909,1943,605542,1937.42932128906
"2016-12-23",1946.5,1980.92004394531,1946.5,1978.75,1021300,1973.07739257812
"2016-12-30",1978,2028.29699707031,1975.5,2006.75,260678,2000.99670410156
"2017-01-06",2019.5,2068,1998,2016.75,703851,2010.96813964844
"2017-01-13",2029.5,2047.5,1990.5,1997,1299913,1991.27478027344
"2017-01-20",1990.5,2001.83801269531,1953.72497558594,1965,427963,1959.36645507812
"2017-01-27",1969,1982.92504882812,1925.75,1968.5,496767,1962.8564453125
"2017-02-03",1972,2007.86401367188,1964.16003417969,1977,544589,1971.33178710938
"2017-02-10",1979.5,1997.5,1973.89501953125,1994,447980,1988.41564941406
"2017-02-17",1992.5,2028.9599609375,1986.69897460938,2007.5,474452,2001.87768554688
"2017-02-24",2013,2049.94995117188,2007.5,2039,690380,2033.28979492188
"2017-03-03",2034,2043.71997070312,1996.33996582031,2011,401440,2005.36828613281
"2017-03-10",2005.5,2014.39904785156,1973.63903808594,1997.5,575637,1991.90600585938
"2017-03-17",1991,2012.07495117188,1967.58996582031,1994,390898,1988.41564941406
"2017-03-24",1989,2005,1952.44995117188,1991,746787,1985.42456054688
"2017-03-30",1951,2047.5,1951,2017,932719,2011.3515625
"2017-04-06",2016,2052.77001953125,2016,2042.75,679403,2037.02966308594
"2017-04-13",2042.75,2052.6201171875,1992.90002441406,2002.75,502273,1997.14135742188
"2017-04-20",2004,2016.69995117188,1965.07995605469,1970,1656685,1964.48278808594
"2017-04-27",1963,1980,1922.85998535156,1932,1439312,1926.58996582031
"2017-05-04",1930,1959.94995117188,1919.56994628906,1926.5,942578,1921.10473632812
"2017-05-11",1929.5,1940.4599609375,1895,1908.75,1916268,1903.57153320312
"2017-05-18",1924,1959.40002441406,1903.09997558594,1953.5,838312,1948.2001953125
"2017-05-25",1962.5,1976.76000976562,1944.26000976562,1949.5,440385,1944.21154785156
"2017-06-01",1970,1983.5,1956,1960,1041298,1954.68298339844
"2017-06-08",2000,2032.60998535156,1988.47998046875,2023.25,1260198,2017.76123046875
"2017-06-15",2026.5,2035.5,2007.5849609375,2014.25,390767,2008.78564453125
"2017-06-22",1999,2025,1956.78002929688,1963.5,977248,1958.17309570312
"2017-06-29",1984.5,1972.74499511719,1928.97998046875,1929.75,634521,1924.51477050781
"2017-07-06",1929,1948.5,1915.0400390625,1941,1425396,1935.73425292969
"2017-07-13",1938.5,1990.5,1935,1980.75,721456,1975.37683105469
"2017-07-20",1975.5,1980.5,1957.17504882812,1980,2571404,1974.62878417969
"2017-07-27",1979,1981.9599609375,1949,1970.5,1425040,1965.15454101562
"2017-08-03",1973.5,1993.5,1954.5,1956.5,409992,1951.19250488281
"2017-08-10",1949.5,1989.94995117188,1938,1984.25,737815,1979.03076171875
"2017-08-17",1968,2010.60998535156,1960.5,2001.5,941086,1996.23583984375
"2017-08-24",1985,1999,1959.80004882812,1996.5,270361,1991.24865722656
"2017-08-31",1990,2005.26000976562,1965.58996582031,1977,458072,1971.80017089844
"2017-09-07",1980,1990,1930.5,1935.25,1233173,1930.15979003906
"2017-09-14",1939,1943.34997558594,1896.11999511719,1898.75,470756,1893.755859375
"2017-09-21",1897.5,1920.125,1876,1888,879470,1883.03405761719
"2017-09-28",1904.5,1963.5,1903,1959.75,458209,1954.59545898438
"2017-10-05",1963.5,1969.5,1943.64001464844,1967.5,347831,1962.32507324219
"2017-10-12",1953.5,1980,1941.35998535156,1961.5,358889,1956.34069824219
"2017-10-19",1973,1976.40002441406,1909.56994628906,1921,255459,1915.94714355469
"2017-10-26",1928,1964.90002441406,1904,1961.25,415349,1956.09155273438
"2017-11-03",1961.5,1984.32495117188,1944.375,1976.5,459808,1971.30090332031
"2017-11-10",2008,2008,1950.09997558594,1961.5,393265,1956.34069824219
"2017-11-17",1958.5,1964.5,1942,1953.75,1583605,1948.73559570312
"2017-11-24",1951.5,1958,1919.5,1923.75,648225,1918.81274414062
"2017-12-01",1921.5,1939,1919.5,1922.25,600369,1917.31640625
"2017-12-08",1909.5,1983.5,1909.5,1949.75,1115485,1944.74597167969
"2017-12-15",1949.5,1979.5,1930.5,1934.25,871158,1929.28552246094
"2017-12-22",1933,1953.5,1926,1950.75,92783,1945.74291992188
"2017-12-29",1953.5,1953.5,1932.5,1933.25,325510,1928.28833007812
"2018-01-05",1922,1942,1902,1900,384496,1895.12353515625
"2018-01-12",1897,1897,1851,1850.25,867074,1845.50122070312
"2018-01-19",1852,1871.5,1831.5,1834.25,1517112,1829.54235839844
"2018-01-26",1846.5,1853.5,1807,1808,1493797,1803.35925292969
"2018-02-02",1798.5,1806,1734,1752.25,888319,1747.75231933594
"2018-02-09",1720.80004882812,1770.5,1720.80004882812,1728.75,1270946,1724.31323242188
"2018-02-16",1744,1763.5,1727,1748.75,1436072,1744.39208984375
"2018-02-23",1747.5,1774.5,1743.5,1763.25,481998,1758.85559082031
"2018-03-02",1758.5,1785,1743.5,1783.75,724562,1779.30444335938
"2018-03-09",1786,1793.5,1772,1779.75,649857,1775.31481933594
"2018-03-16",1783,1787,1738,1752,684138,1747.63403320312
"2018-03-23",1741,1772.5,1701.5,1770.75,608316,1766.33703613281
"2018-03-29",1770.75,1782.5,1747.5,1780.5,512239,1776.06286621094
"2018-04-05",1783.5,1783.5,1742.5,1743,411336,1738.65612792969
"2018-04-12",1742,1773.5,1733,1753.75,756123,1749.37939453125
"2018-04-19",1767,1784,1755.5,1782.75,486417,1778.30725097656
"2018-04-26",1789,1861,1789,1858.75,380539,1854.11743164062
"2018-05-03",1859,1909.5,1857.5,1906,482637,1901.25048828125
"2018-05-10",1909.5,1909.5,1838,1841.5,547060,1836.91076660156
"2018-05-17",1841,1892.5,1837,1884.25,518028,1879.73059082031
"2018-05-24",1891,1923,1891,1920.75,344423,1916.14294433594
"2018-05-31",1921.5,1939,1912,1920,691273,1915.39501953125
"2018-06-07",1917.5,1940,1901.5,1923.5,296139,1918.88659667969
"2018-06-14",1934,1957,1926.5,1939.25,436628,1934.59875488281
"2018-06-21",1944.5,1967,1941.5,1963.75,3381279,1959.03991699219
"2018-06-28",1978.5,1978.5,1957.5,1966.75,609534,1962.0322265625
"2018-07-05",1979,1987.5,1969,1973.5,237319,1968.76635742188
"2018-07-12",1985,1991,1957.84497070312,1989,326645,1984.2294921875
"2018-07-19",1995.5,1996.5,1961.5,1984,412731,1979.24133300781
"2018-07-26",1986,2005,1964,2000.5,247023,1995.70153808594
"2018-08-02",2007.5,2045.5,2005.5,2038.75,252987,2033.86010742188
"2018-08-09",2040,2048,2019.5,2043.5,382154,2038.5986328125
"2018-08-16",2044,2063.5,2021.5,2030.25,358658,2025.55383300781
"2018-08-23",2031,2057.5,2021.5,2022.25,239252,2017.57214355469
"2018-08-30",2016.5,2043.5,1997,2014,474351,2009.341796875
"2018-09-06",2016,2016,1982,1991,301614,1986.39477539062
"2018-09-13",1993.5,1996,1943.5,1952.75,229243,1948.23291015625
"2018-09-20",1958,1985,1935,1947.75,269825,1943.2451171875
"2018-09-27",1948,1967,1903,1903,233036,1898.59814453125
"2018-10-04",1900.5,1925,1863,1864.5,346370,1860.18713378906
"2018-10-11",1847.5,1899.5,1835.5,1892.5,425175,1888.12268066406
"2018-10-18",1893,1925.5,1874,1933,302464,1928.52893066406
"2018-10-25",1933,1961,1900,1912.75,442240,1908.32580566406
"2018-11-02",1919.5,1940.5,1893,1932,421447,1927.53125
"2018-11-09",1947.5,1975,1934.5,1947.5,252649,1942.99548339844
"2018-11-16",1943.5,1968,1932,1934.5,627849,1930.2587890625
"2018-11-23",1940,2002,1939.5,1975,1789469,1970.67041015625
"2018-11-30",1977.5,2008.5,1952.5,1956,2060751,1951.71179199219
"2018-12-07",1999,2029,1973,1992,416874,1987.63330078125
"2018-12-14",1980.5,2003.5,1920,1929.25,475973,1925.02038574219
"2018-12-21",1912,1923.5,1841.5,1855.5,107018,1851.43237304688
"2018-12-28",1879.5,1887.5,1845,1873,338509,1868.89404296875
"2019-01-04",1877.5,1941,1871,1936,362476,1931.755859375
"2019-01-11",1945,1960.5,1933.5,1947.25,243230,1942.98095703125
"2019-01-18",1951,1969.5,1937,1947.5,335148,1943.23059082031
"2019-01-25",1949,2019.5,1946,2010.25,1507905,2005.84350585938
"2019-02-01",2016,2058.5,2002,2042.75,229791,2038.27197265625
"2019-02-08",2034,2073,2034,2051.75,1047059,2047.251953125
"2019-02-15",2046,2070.5,2007.5,2016.75,454666,2012.46801757812
"2019-02-22",2026,2038.5,1963.5,1989.75,384108,1985.52490234375
"2019-03-01",1990.5,2011,1976.5,2007,432928,2002.73864746094
"2019-03-08",2001,2039.5,2000,2016.75,549257,2012.46801757812
"2019-03-15",2046.5,2067.5,2013,2073.25,332452,2068.84838867188
"2019-03-22",2062.5,2078.5,2030,2077.25,425177,2072.83959960938
"2019-03-29",2086.5,2102.5,2073,2084.75,510320,2080.32397460938
"2019-04-04",2082,2102.5,2072.5,2085.25,288559,2080.82250976562
"2019-04-11",2090,2091,2036.5,2049.75,474636,2045.39770507812
"2019-04-18",2049.75,2085.5,2036.5,2080.5,239761,2076.08251953125
"2019-04-25",2087.5,2089,2054,2068.25,253669,2063.85888671875
"2019-05-02",2091.5,2091.5,2040,2040.25,375557,2035.91772460938
"2019-05-09",2046.5,2125,2046.5,2125,377169,2120.48779296875
"2019-05-16",2111.5,2139,2109,2121.75,300683,2117.41845703125
"2019-05-23",2132.5,2150.5,2095.5,2106.75,475869,2102.44946289062
"2019-05-30",2106.5,2138,2087,2123.75,511292,2119.41381835938
"2019-06-06",2126.5,2154,2122,2139,371950,2134.63305664062
"2019-06-13",2156.5,2211,2148.5,2177,439671,2172.55541992188
"2019-06-20",2173,2179.5,2095.5,2112,292182,2107.6884765625
"2019-06-27",2111.5,2209.5,2111.5,2206.75,477401,2202.24462890625
"2019-07-04",2207.5,2241,2192.5,2201.75,302968,2197.25512695312
"2019-07-11",2210,2224,2192.5,2195.75,162730,2191.26733398438
"2019-07-18",2204,2210.5,2170.5,2180.75,456963,2176.29833984375
"2019-07-25",2190.5,2256,2185,2225.25,236168,2220.70751953125
"2019-08-01",2236,2238,2174.5,2238.25,340011,2233.68041992188
"2019-08-08",2248,2262,2214.80004882812,2224,268594,2219.458984375
"2019-08-15",2220.5,2271.5,2206.5,2211,455648,2206.48608398438
"2019-08-22",2232,2237.5,2201.98901367188,2234.5,150624,2230.13891601562
"2019-08-29",2241,2282,2227.36206054688,2235,291298,2230.63793945312
"2019-09-05",2239,2268,2209,2234.5,170101,2230.13891601562
"2019-09-12",2236,2236,2193,2223.5,1199357,2219.15942382812
"2019-09-19",2200.5,2261.97412109375,2200.5,2255.5,832862,2251.09741210938
"2019-09-26",2278.5,2287,2226.89990234375,2249,269855,2244.6103515625
"2019-10-03",2259,2297.5,2254.10009765625,2272.5,525603,2268.06420898438
"2019-10-10",2257.5,2260,2196.76000976562,2211.5,451225,2207.18334960938
"2019-10-17",2213.5,2237.61010742188,2197.32299804688,2236.75,175706,2232.3837890625
"2019-10-24",2231,2237.5,2205.36010742188,2212,190698,2207.68212890625
"2019-11-01",2217,2241,2190.80004882812,2196.25,316614,2191.96240234375
"2019-11-08",2180,2192,2142.5,2152.25,410275,2148.04956054688
"2019-11-15",2167.5,2186.71997070312,2150.71411132812,2157.75,280413,2153.6689453125
"2019-11-22",2152,2204,2149.5,2189.75,403211,2185.6083984375
"2019-11-29",2175.5,2193.47998046875,2120.67993164062,2125.75,267421,2121.72998046875
"2019-12-06",2138,2151.32006835938,2097,2097.75,216737,2093.78295898438
"2019-12-13",2060.5,2128,2048.5,2124.25,502987,2120.23168945312
"2019-12-20",2128,2157,2123.5,2143.75,533628,2139.6953125
"2019-12-27",2140.5,2153.3798828125,2128.30004882812,2133.75,71418,2129.71459960938
"2020-01-03",2130,2154.5,2117,2134.5,1052886,2130.462890625
"2020-01-10",2145.5,2197,2134.44995117188,2191.25,310459,2187.10595703125
"2020-01-17",2205.5,2220,2184,2190.75,335348,2186.60717773438
"2020-01-24",2193,2234.5,2172,2175,521797,2170.8857421875
"2020-01-31",2172,2217.5,2147,2213.5,422858,2209.31420898438
"2020-02-07",2225.5,2249.5,2205.3798828125,2211.75,200214,2207.56689453125
"2020-02-14",2222.5,2255.5,2216.5,2241,241374,2236.904296875
"2020-02-21",2247,2249.4560546875,2084.8359375,2109,462673,2105.14624023438
"2020-02-28",2048,2142.19995117188,1980.28002929688,2113.5,479026,2109.6376953125
"2020-03-06",2066.5,2207.96997070312,1707,1742,442726,1738.81677246094
"2020-03-13",1762,1809.5,1419.5,1493,753018,1490.271484375
"2020-03-20",1518.5,1647.5,1418.5,1650.75,414173,1647.73327636719
"2020-03-27",1623,1664,1497.5,1504.5,574414,1501.75048828125
"2020-04-02",1485,1754,1476.5,1756.5,472925,1753.29016113281
"2020-04-09",1756.5,1756.5,1631,1640.75,224292,1637.75170898438
"2020-04-16",1636.5,1704.5,1614.5,1642.75,390379,1639.74792480469
"2020-04-23",1644,1760,1614,1689.5,370003,1686.41259765625
"2020-04-30",1675,1690,1629.92504882812,1683.5,405782,1680.42333984375
"2020-05-07",1683.5,1727,1525.5,1552.25,569757,1549.41333007812
"2020-05-14",1558.5,1674.5,1558.5,1646.75,477123,1643.91711425781
"2020-05-21",1638.5,1759.83203125,1632.5,1733.5,329475,1730.51794433594
"2020-05-28",1726,1811,1705.5,1805,587291,1801.89514160156
"2020-06-04",1825,1906.5,1737,1739.75,599373,1736.75720214844
"2020-06-11",1760,1857.5,1728.68994140625,1820.25,353326,1817.11889648438
"2020-06-18",1822,1844.5,1716.5,1730,1156424,1727.0244140625
"2020-06-25",1750,1818,1730.5,1795.25,656701,1792.16174316406
"2020-07-02",1794.5,1824.5,1700,1703.75,302643,1700.81921386719
"2020-07-09",1708.5,1749.5,1700,1724.25,187994,1721.28393554688
"2020-07-16",1723.5,1742.5,1698,1721.25,229586,1718.2890625
"2020-07-23",1710.5,1734.22497558594,1679.5,1716.25,402739,1713.2978515625
"2020-07-30",1707.5,1741,1687.59997558594,1719.25,585497,1716.29260253906
"2020-08-06",1717.5,1769.78295898438,1708,1731.25,178064,1728.27209472656
"2020-08-13",1721,1735,1683,1707.5,544753,1704.6982421875
"2020-08-20",1701.5,1748.5,1700,1720.25,245420,1717.42724609375
"2020-08-27",1717.5,1757,1669,1721.25,190158,1718.42553710938
"2020-09-03",1726.5,1762,1700,1755.5,278168,1752.61962890625
"2020-09-10",1758,1798,1743.5,1775,147435,1772.08752441406
"2020-09-17",1767,1773.5,1665.5,1679.75,659425,1676.99365234375
"2020-09-24",1680.5,1735,1669,1725.75,224772,1722.91821289062
"2020-10-01",1729,1782.01794433594,1710,1773.5,263336,1770.58996582031
"2020-10-08",1779,1785,1716,1742.75,289448,1739.89038085938
"2020-10-15",1741.5,1752.5,1672.5,1700.75,300612,1697.95922851562
"2020-10-22",1706.5,1719.5,1624.8349609375,1653,416838,1650.28747558594
"2020-10-30",1636,1742.5,1627,1724.75,234536,1721.91979980469
"2020-11-06",1719,1858.5,1701.5,1805.25,286562,1802.2880859375
"2020-11-13",1790,1867.5,1775.5,1809.75,276598,1806.88586425781
"2020-11-20",1805.5,1836.5,1800,1819.75,273824,1816.86999511719
"2020-11-27",1821.5,1828.44995117188,1791,1807.75,316359,1804.88891601562
"2020-12-04",1813,1850,1806,1825.75,407051,1822.86071777344
"2020-12-11",1815,1839.5,1808.55004882812,1823.25,266676,1820.36450195312
"2020-12-18",1828,1839,1775.5,1792.25,242337,1789.41369628906
"2020-12-25",1792.25,1865,1792.25,1807.5,125194,1804.63940429688
"2021-01-01",1807.5,1829.5,1784.93005371094,1787.25,221570,1784.42150878906
"2021-01-08",1790,1804,1760,1794.25,283160,1791.41052246094
"2021-01-15",1794,1835.5,1786,1796.75,313617,1793.90637207031
"2021-01-22",1811,1823.5,1768,1817.25,283168,1814.37390136719
"2021-01-29",1789,1837,1787.5,1832.25,258582,1829.35034179688
"2021-02-05",1833.5,1850,1825.5,1839,425884,1836.08923339844
"2021-02-12",1832,1850,1801.5,1805.25,185057,1802.49670410156
"2021-02-19",1808,1859.2900390625,1798,1852,273325,1849.1748046875
"2021-02-26",1841,1852,1813.5,1822.5,286398,1819.72021484375
"2021-03-05",1807.5,1866,1796,1863,2259985,1860.15832519531
"2021-03-12",1864,1924.5,1854.5,1890.75,275215,1887.86584472656
"2021-03-19",1880,1908.75695800781,1863.5,1890,292674,1887.11694335938
"2021-03-26",1901.5,1925,1894,1903.75,300994,1900.84594726562
"2021-04-01",1903.75,1965,1903.75,1954,351140,1951.01953125
"2021-04-08",1957,1973.14001464844,1938.97998046875,1971.75,177813,1968.7421875
"2021-04-15",1983,2005,1949.06005859375,2002.75,206408,1999.69506835938
"2021-04-22",1991.5,2009.5,1982.5,1996.75,735841,1993.70422363281
"2021-04-29",1993,2016.5,1968.5,1984.5,305697,1981.47290039062
"2021-05-06",1985,1998.46997070312,1887.5,1923.5,248607,1920.56567382812
"2021-05-13",1938.5,1949.5,1917.5,1946.25,383160,1943.42761230469
"2021-05-20",1952.5,1997.5,1939,1975.25,337978,1972.38586425781
"2021-05-27",1970.5,2041,1970.5,2029,788647,2026.05773925781
"2021-06-03",2028,2086.5,2016,2075.25,133259,2072.24047851562
"2021-06-10",2082.5,2093.5,2045.5,2059,146525,2056.01440429688
"2021-06-17",2072,2083.5,2039.5,2061.75,697273,2058.76049804688
"2021-06-24",2067,2082.5,2048.5,2068,156789,2065.00073242188
"2021-07-01",2075.5,2100,2064.5,2093.25,142704,2090.21411132812
"2021-07-08",2120,2134.5,2077.5,2107.5,132225,2104.44360351562
"2021-07-15",2124.5,2156.39990234375,2088.5,2125,174594,2121.91918945312
"2021-07-22",2126.5,2138.5,2110,2119,163066,2115.92700195312
"2021-07-29",2113.5,2147,2100,2126.75,127997,2123.666015625
"2021-08-05",2126,2142,2101,2111.5,141995,2108.43872070312
"2021-08-12",2119.5,2136,2109.5,2120.75,173980,2117.79736328125
"2021-08-19",2133,2147.5,2110.5,2122.5,179065,2119.54516601562
"2021-08-26",2134.5,2179.5,2124.5,2165,436836,2161.986328125
"2021-09-02",2179,2179.5,2136.5,2138.5,256672,2135.52294921875
"2021-09-09",2123.5,2132,2097,2110,94283,2107.0625
"2021-09-16",2119,2134,2058.5,2109.75,184901,2106.81298828125
"2021-09-23",2096.5,2117.5,2065.5,2082,131425,2079.10131835938
"2021-09-30",2063.5,2114,2043.31005859375,2094.25,223509,2091.33471679688
"2021-10-07",2093.5,2127.5,2056.5,2123.5,147607,2120.54345703125
"2021-10-14",2137,2142,2111,2132.75,304877,2129.78100585938
"2021-10-21",2136.5,2160.67504882812,2132.5,2156.5,79210,2153.49755859375
"2021-10-28",2165.5,2218.5,2138.40502929688,2209.75,140921,2206.67407226562
"2021-11-05",2206,2236,2191.5,2205.75,120593,2202.67919921875
"2021-11-12",2208,2227,2175.40502929688,2208.75,275282,2205.78540039062
"2021-11-19",2218,2249,2190,2243.5,238857,2240.48828125
"2021-11-26",2198.5,2219.169921875,2128.65991210938,2159.75,150055,2156.85131835938
"2021-12-03",2183,2253,2166.5,2228.25,184784,2225.25952148438
"2021-12-10",2218.5,2232,2195.0400390625,2210.25,202645,2207.28369140625
"2021-12-17",2208,2222.5,2177.5,2206.25,150285,2203.28881835938
"2021-12-24",2201.5,2251,2199.78002929688,2249.25,33714,2246.23168945312
"2021-12-31",2246,2258,2200.7548828125,2210.5,140815,2207.53344726562
"2022-01-07",2220.5,2222.5,2167,2187.25,111965,2184.314453125
"2022-01-14",2181,2188.5,2109.5,2143.5,166814,2140.623046875
"2022-01-21",2127,2142.55493164062,2074.5,2125,596966,2122.14794921875
"2022-01-28",2099,2144.26000976562,2069.5,2127.75,143973,2124.89428710938
"2022-02-04",2131,2131,2082.36499023438,2113.25,220140,2110.41381835938
"2022-02-11",2085.5,2092.5,2046,2071.25,142505,2068.47021484375
"2022-02-18",2073,2081.80004882812,1999.5,2031.5,141303,2028.89038085938
"2022-02-25",2051,2109,2043,2093,726723,2090.31127929688
"2022-03-04",2096.5,2139,2080.5,2121.25,373190,2118.52514648438
"2022-03-11",2148,2168.78002929688,2116,2170.5,133103,2167.71166992188
"2022-03-18",2182.5,2182.5,2142.67504882812,2150.25,172813,2147.48779296875
"2022-03-25",2162,2261.5,2153.5,2233.5,669073,2230.63134765625
"2022-03-31",2234.5,2255.5,2204.5,2208,569621,2205.16333007812
"2022-04-07",2212.5,2230.5,2190.5,2209.25,150493,2206.412109375
"2022-04-14",2209.25,2254.8701171875,2187.5,2242,92319,2239.11987304688
"2022-04-21",2242.5,2254.919921875,2210.5,2236.5,114883,2233.626953125
"2022-04-28",2249,2260,2132.47509765625,2167.25,239717,2164.46606445312
"2022-05-05",2173.5,2173.5,2036,2056,489971,2053.35913085938
"2022-05-12",2069.5,2105.4599609375,2037.09497070312,2037.75,167431,2035.29821777344
"2022-05-19",2056.5,2082.5,2027.5,2076.75,103393,2074.25146484375
"2022-05-26",2059.5,2119,2059.5,2073.75,117280,2071.25512695312
"2022-06-02",2073.75,2093,2024.44995117188,2027,142211,2024.56115722656
"2022-06-09",2010,2014.5,1899.5,1903.25,212223,1900.96008300781
"2022-06-16",1904,1963.5,1904,1961.75,268379,1959.38977050781
"2022-06-23",1965,2051.5,1965,1979.75,585115,1977.36791992188
"2022-06-30",1983,2046.125,1967,2031.25,168654,2028.80590820312
"2022-07-07",2015.5,2033.5,1984.5,1999.5,198044,1997.09436035156
"2022-07-14",1998.5,2058,1990.5,2043.5,472628,2041.04125976562
"2022-07-21",2044,2104,2044,2103.75,122369,2101.21875
"2022-07-28",2114,2136,2077,2095.5,163279,2092.97827148438
"2022-08-04",2096,2129,2073.5,2124.75,355430,2122.19360351562
"2022-08-11",2126,2167,2108.5,2143.25,105901,2140.896484375
"2022-08-18",2140,2152.5,2069,2095.75,217398,2093.44897460938
"2022-08-25",2113,2119.5,2039,2040.25,187545,2038.01013183594
"2022-09-01",2051,2097.5,2042.5,2089.75,170628,2087.45629882812
"2022-09-08",2069.5,2110,2030,2038.75,237083,2036.51196289062
"2022-09-15",2025,2041,1958,1964,158763,1961.84387207031
"2022-09-22",1960,2023.5,1870.93994140625,1883,181129,1880.93286132812
"2022-09-29",1868.5,1913.77502441406,1856,1890.25,333917,1888.1748046875
"2022-10-06",1876.5,1880,1781.19995117188,1793.5,89537,1791.53125
"2022-10-13",1831.5,1872.5,1796.5,1831.25,574830,1829.23950195312
"2022-10-20",1830,1870,1804,1858.75,199572,1856.70959472656
"2022-10-27",1851,1908,1846,1882.25,63973,1880.18371582031
"2022-11-04",1889.5,1951,1869.5,1952.25,100180,1950.10717773438
"2022-11-11",1960.5,1973.41003417969,1868.5,1877.5,176214,1875.43884277344
"2022-11-18",1861,1901.125,1861,1876,151341,1874.08032226562
"2022-11-25",1882.5,1906.5,1856.5,1870,68076,1868.08642578125
"2022-12-02",1863.5,1872,1827.5,1857.25,178798,1855.34973144531
"2022-12-09",1859.5,1888.5,1827,1853.5,134651,1851.60339355469
"2022-12-16",1864,1868.5,1787.80004882812,1827,193348,1825.13049316406
"2022-12-23",1830.5,1853,1814.5,1840.75,42835,1838.86645507812
"2022-12-30",1846,1887.5,1838,1860.5,149375,1858.59606933594
"2023-01-06",1853.5,1929.90002441406,1850.72497558594,1919.5,316022,1917.53588867188
"2023-01-13",1928.5,1934.5,1878.90002441406,1884,53325,1882.07202148438
"2023-01-20",1887,1942.5,1875,1931.5,146289,1929.52331542969
"2023-01-27",1935.5,2036.5,1929,2037.5,107787,2035.4150390625
"2023-02-03",2041.5,2047,1982.5,1984.5,1142357,1982.46911621094
"2023-02-10",1976.5,1990.5,1953.15002441406,1967.5,198497,1965.48681640625
"2023-02-17",1970,1970,1913.5,1919,91086,1917.16809082031
"2023-02-24",1933.5,1936.5,1872.5,1894.5,82872,1892.69128417969
"2023-03-03",1906,1932,1894,1894.5,210188,1892.69128417969
"2023-03-10",1854,1859,1782,1798.25,175182,1796.533203125
"2023-03-17",1803,1806.5,1709.40002441406,1723,221632,1721.35534667969
"2023-03-24",1707.5,1768.5,1696.5,1768.75,729112,1767.06140136719
"2023-03-30",1769,1811,1757.5,1771.75,144890,1770.05859375
"2023-04-06",1771.75,1807.5,1761,1762,46881,1760.31823730469
"2023-04-13",1784,1805.5,1766,1786.75,106164,1785.04431152344
"2023-04-20",1789.5,1797.02001953125,1758.5,1774.25,385274,1772.55627441406
"2023-04-27",1785.5,1803.23999023438,1753,1764.25,74163,1762.56579589844
"2023-05-04",1774.5,1794,1762,1775.5,87517,1773.80480957031
"2023-05-11",1780.5,1790.5,1748,1757.75,123116,1756.07202148438
"2023-05-18",1743,1752.52001953125,1697.80004882812,1700.75,51788,1699.12622070312
"2023-05-25",1707,1728.5,1686.5,1704.75,40352,1703.28356933594
"2023-06-01",1717,1788.5,1717,1756.5,92959,1754.98913574219
"2023-06-08",1755,1763.5,1728.16003417969,1734.25,63662,1732.75805664062
"2023-06-15",1725.5,1741.5,1681,1683.75,85711,1682.30151367188
"2023-06-22",1679,1720,1652.31994628906,1715.75,120231,1714.27404785156
"2023-06-29",1728,1758,1701.5,1715.75,87232,1714.27404785156
"2023-07-06",1720.5,1752,1703.5,1734.5,133459,1733.0078125
"2023-07-13",1733,1783,1725.5,1774.5,56643,1772.97375488281
"2023-07-20",1775,1805.5,1770.5,1772.25,81168,1770.72546386719
"2023-07-27",1779.5,1783,1737,1737.25,81256,1735.75561523438
"2023-08-03",1758,1758.92504882812,1736.5,1758.5,62742,1756.98718261719
"2023-08-10",1748.5,1748.5,1673.5,1678.75,45519,1677.30578613281
"2023-08-17",1670,1710.26000976562,1639.5,1700.5,220230,1699.18383789062
"2023-08-24",1698.5,1735.30004882812,1694.69995117188,1723.75,45023,1722.41564941406
"2023-08-31",1720,1734.5,1704,1727,99794,1725.66333007812
"2023-09-07",1726.5,1744.5,1708.5,1745.25,78328,1743.89929199219
"2023-09-14",1755,1759,1717,1715.25,88749,1713.92260742188
"2023-09-21",1707.5,1709.92504882812,1652,1664.5,63216,1663.21179199219
"2023-09-28",1671,1691,1621.5,1639.75,64055,1638.48095703125
"2023-10-05",1648,1694.5,1627,1676,309136,1674.70288085938
"2023-10-12",1665,1685.32495117188,1637.5,1640,103665,1638.73071289062
"2023-10-19",1626.5,1627,1577.81994628906,1593.75,168954,1592.5166015625
"2023-10-26",1600,1665.375,1568,1661,178098,1659.71447753906
"2023-11-03",1672.5,1692.05395507812,1640,1649,217916,1647.72375488281
"2023-11-10",1640,1708.40002441406,1625.5,1676.5,97987,1675.20251464844
"2023-11-17",1679.5,1691,1658.81994628906,1668.75,53431,1667.58923339844
"2023-11-24",1673,1683.5,1651.5,1678.5,212204,1677.33264160156
"2023-12-01",1681.5,1748.5,1678,1737.5,189354,1736.29162597656
"2023-12-08",1738,1838,1733,1829.5,399275,1828.2275390625
"2023-12-15",1844,1846.5,1811,1820,339125,1818.73425292969
"2023-12-22",1819,1848,1809.5,1844.5,159431,1843.21716308594
"2023-12-29",1857,1861.5,1809,1815,41178,1813.73742675781
"2024-01-05",1810,1825.5,1795.5,1805,159727,1803.74462890625
"2024-01-12",1811,1821.5,1753,1754.5,102427,1753.27978515625
"2024-01-19",1758.5,1791.5,1748,1765.25,61809,1764.0224609375
"2024-01-26",1769.5,1780.5,1742,1742,73206,1740.78845214844
"2024-02-02",1765,1771.5,1736,1749,1025817,1747.78369140625
"2024-02-09",1752.5,1765.92504882812,1714,1747.75,413702,1746.53442382812
"2024-02-16",1755,1755.5,1731,1749,267069,1747.92443847656
"2024-02-23",1737.5,1754,1712.5,1737.5,185361,1736.43151855469
"2024-03-01",1738,1759.33203125,1730.5,1741.75,302870,1740.67883300781
"2024-03-08",1748.5,1765,1729.5,1731,124371,1729.93530273438
"2024-03-15",1743,1784.5,1728,1776.5,137233,1775.40734863281
"2024-03-22",1793.5,1807.5,1759.65002441406,1804,156709,1802.890625
"2024-03-29",1804,1804,1754.5,1772,112151,1770.91015625
"2024-04-04",1755,1799,1739.59997558594,1748.5,96004,1747.42456054688
"2024-04-11",1758,1764,1692,1700.5,171259,1699.4541015625
"2024-04-18",1695,1740.5,1691.5,1709.25,254073,1708.19897460938
"2024-04-25",1716.5,1741,1713.40002441406,1737,278374,1735.93176269531
"2024-05-02",1747.5,1780,1741.20300292969,1771,151112,1769.91076660156
"2024-05-09",1783.5,1798.5,1770.5,1777,147366,1775.90710449219
"2024-05-16",1772.5,1775.5,1719.5,1723,82420,1722.09875488281
"2024-05-23",1710.5,1718,1676.5,1701.25,109822,1700.36010742188
"2024-05-30",1713,1781,1702.5,1737,153056,1736.09143066406
"2024-06-06",1741.5,1741.5,1704,1719,222684,1718.10083007812
"2024-06-13",1726.5,1737.5,1712.42700195312,1726.5,125163,1725.59692382812
"2024-06-20",1728.5,1752.5,1720,1731.75,180854,1730.84423828125
"2024-06-27",1744,1756,1729,1736.5,238403,1735.59155273438
"2024-07-04",1735,1775.5,1723.5,1774.25,113042,1773.32202148438
"2024-07-11",1793,1831,1780,1823.5,226132,1822.54626464844
"2024-07-18",1804.5,1824.19494628906,1785.5,1801,194271,1800.05786132812
"2024-07-25",1790.5,1852.72998046875,1790.5,1833.5,401151,1832.54089355469
"2024-08-01",1845.5,1867.5,1780,1850,512740,1849.0322265625
"2024-08-08",1853.5,1873.5,1834.5,1860.5,152887,1859.52697753906
"2024-08-15",1848,1848,1826,1842,146019,1841.03649902344
"2024-08-22",1853.5,1882.5,1844.5,1863,202399,1862.17211914062
"2024-08-29",1873,1900.21105957031,1869,1885.5,317032,1884.66223144531
"2024-09-05",1887.5,1934,1817.5,1925,152836,1924.14453125
"2024-09-12",1932,1951,1912,1916.5,812891,1915.6484375
"2024-09-19",1908,1918.5,1895.5,1897.75,1091227,1896.90661621094
"2024-09-26",1897,1914.5,1881.06005859375,1902.5,227802,1901.65466308594
"2024-10-03",1903,1909.5,1874.5,1875.5,249928,1874.66650390625
"2024-10-10",1873,1941.5,1870.0849609375,1926.75,740116,1925.89392089844
"2024-10-17",1917.5,1932.5,1885.5,1913.25,231053,1912.39990234375
"2024-10-24",1916.5,1921,1879,1900,273619,1899.15576171875
"2024-11-01",1880.5,1936.42504882812,1849,1865.25,246474,1864.42114257812
"2024-11-08",1874,1913,1870,1883.25,161956,1882.41320800781
"2024-11-15",1879,1910.5,1870,1910.5,201141,1909.77795410156
"2024-11-22",1915,1966,1915,1954.5,179552,1953.76123046875
"2024-11-29",1953,1958.08996582031,1887.57995605469,1888.75,170209,1888.03625488281
"2024-12-06",1895.5,1898.55798339844,1855.5,1878.5,301485,1877.7900390625
"2024-12-13",1883.5,1883.5,1785,1801.75,364020,1801.06909179688
"2024-12-20",1795,1832,1784,1820,105708,1819.31225585938
"2024-12-27",1862.5,1862.5,1800.52001953125,1849,54283,1848.30126953125
"2025-01-03",1828,1850.5,1809,1833,242817,1832.30737304688
"2025-01-10",1837,1872.5,1808.5,1864,158642,1863.29565429688
"2025-01-17",1884,1887.5,1850,1863.25,129308,1862.5458984375
"2025-01-24",1871.5,1886,1851.35900878906,1876,169800,1875.291015625
"2025-01-31",1875.5,1906,1846,1892.75,980679,1892.03466796875
"2025-02-07",1897.5,1903.5,1860.52404785156,1865.5,149003,1864.79504394531
"2025-02-14",1873,1878.5,1853.92004394531,1861.5,145283,1860.92553710938
"2025-02-21",1861.5,1889,1848.5,1881.25,549742,1880.66955566406
"2025-02-28",1882,1893.5,1809,1820.5,1186752,1819.93823242188
"2025-03-07",1810.5,1821.98999023438,1759,1762,275484,1761.45617675781
"2025-03-14",1760.5,1806,1755,1789.25,263538,1788.69775390625
"2025-03-21",1788.5,1805.5,1755,1788.5,174863,1787.94799804688
"2025-03-28",1785,1812,1743.03503417969,1757.5,177809,1756.95764160156
"2025-04-03",1748.5,1754.5,1591.5,1661,290251,1660.4873046875
"2025-04-10",1676.5,1734,1642.5,1729.75,199096,1729.21630859375
"2025-04-17",1729.75,1756,1700.5,1735.5,63240,1734.96447753906
"2025-04-24",1741.5,1774,1721.5,1768.5,91631,1767.95434570312
"2025-05-01",1773,1794,1758,1773,110818,1772.45275878906
"2025-05-08",1762,1819.5,1730,1752,283716,1751.45947265625
"2025-05-15",1765.5,1782,1705.5,1714.25,81052,1713.86218261719
"2025-05-22",1722,1762.5,1697,1748,147714,1747.60461425781
"2025-05-29",1755,1764.5,1731,1746.25,304693,1745.85510253906
"2025-06-05",1757,1784.5,1751,1763.5,79710,1763.10107421875
"2025-06-12",1757,1781,1743.5,1765.25,146673,1764.85083007812
"2025-06-19",1769.5,1790,1713,1724.25,131556,1723.86010742188
"2025-06-26",1731,1780,1725.5,1765.25,289587,1764.85083007812
"2025-07-03",1756.5,1773,1741.5,1762,108536,1761.60144042969
"2025-07-10",1757.5,1796,1746,1774.5,97985,1774.0986328125
"2025-07-17",1775.5,1813.5,1762.5,1787.5,81235,1787.095703125
"2025-07-24",1789,1837.5,1774,1794,137828,1793.59423828125
"2025-07-31",1783.5,1812,1760.5,1779,100314,1778.59765625
"2025-08-07",1786.5,1792.5,1744,1747.5,243376,1747.10473632812
"2025-08-14",1754.5,1794.5,1741,1788,177810,1787.75439453125
"2025-08-21",1789,1813.5,1784,1793,155316,1792.75366210938
"2025-08-28",1800,1816,1778,1791,110996,1790.75390625
"2025-09-04",1798,1817,1793.5,1813.75,217484,1813.50085449219
"2025-09-11",1821.5,1831,1792.5,1805,177616,1804.75207519531
"2025-09-18",1811,1825.5,1790,1803.75,311368,1803.50219726562
"2025-09-25",1807.5,1859,1801.5,1817.25,122174,1817.00036621094
"2025-10-02",1820.5,1844.5,1796.5,1815,197542,1814.75061035156
"2025-10-09",1815,1839,1786.5,1828,111113,1827.74890136719
"2025-10-16",1809,1873.5,1804.5,1859.75,80031,1859.49450683594
"2025-10-23",1875,1880,1814,1834.5,106621,1834.248046875
"2025-10-31",1831,1864,1811,1830.5,1334548,1830.24853515625
"2025-11-07",1848.5,1879,1817.5,1821,177307,1820.74987792969
"2025-11-14",1824.5,1830,1793,1811.5,171224,1811.37927246094
"2025-11-21",1806.5,1880,1789,1813.5,69108,1813.37915039062
"2025-11-28",1834.5,1849,1789.5,1791.25,146085,1791.13061523438
"2025-12-05",1789.5,1791.5,1700,1775,152950,1774.88171386719
"2025-12-12",1776.5,1795,1770.5,1785,82355,1784.88110351562
"2025-12-19",1791,1792.5,1763,1776,53302,1775.88159179688
"2025-12-26",1776,1803.5,1776,1794.5,33713,1794.38037109375
