"Date","MSCI_World","Energies_Renouvelables","Immobilier"
2016-01-01,39.25,371.482574462891,1609.35412597656
2016-01-08,38.1399993896484,344.224212646484,1568.98376464844
2016-01-15,37.1500015258789,330.994415283203,1560.26086425781
2016-01-22,37.7799987792969,334.888488769531,1577.20715332031
2016-01-29,38.2200012207031,341.079040527344,1586.92565917969
2016-02-05,36.0499992370605,310.126312255859,1496.21557617188
2016-02-12,38.2299995422363,332.641876220703,1572.34375
2016-02-19,38.2200012207031,345.821716308594,1650.10095214844
2016-02-26,39.4599990844727,358.552368164062,1669.78955078125
2016-03-04,39.4500007629395,359.151397705078,1664.55603027344
2016-03-11,40.7700004577637,370.583923339844,1721.12951660156
2016-03-18,40.1300010681152,365.69140625,1720.63073730469
2016-03-25,41.0099983215332,375.127044677734,1749.04223632812
2016-03-31,40.2799987792969,366.689880371094,1769.47863769531
2016-04-07,41.5699996948242,380.319061279297,1780.44421386719
2016-04-14,42.1699981689453,379.270721435547,1753.02990722656
2016-04-21,42.0400009155273,370.683776855469,1734.83666992188
2016-04-28,40.8800010681152,351.263519287109,1753.52844238281
2016-05-05,41.0299987792969,342.526763916016,1728.10778808594
2016-05-12,40.4300003051758,327.791137695312,1663.22314453125
2016-05-19,41.810001373291,338.2265625,1694.37902832031
2016-05-26,41.7000007629395,351.008666992188,1725.78405761719
2016-06-02,42.1300010681152,355.053009033203,1760.42907714844
2016-06-09,40.5099983215332,337.877105712891,1779.12255859375
2016-06-16,42.2900009155273,343.918609619141,1740.48913574219
2016-06-23,41.2299995422363,383.263519287109,1947.36413574219
2016-06-30,41.1599998474121,393.549133300781,2007.68188476562
2016-07-07,42.7700004577637,395.346557617188,2005.68737792969
2016-07-14,42.75,403.385345458984,2031.85913085938
2016-07-21,42.6500015258789,401.687713623047,2057.0322265625
2016-07-28,42.7799987792969,408.678009033203,2055.28784179688
2016-08-04,43.5999984741211,411.923461914062,2068.24926757812
2016-08-11,43.5699996948242,416.017700195312,2035.49267578125
2016-08-18,43.439998626709,410.725128173828,2031.00573730469
2016-08-25,43.1300010681152,402.187042236328,1992.61938476562
2016-09-01,43.810001373291,419.962219238281,2020.78564453125
2016-09-08,42.810001373291,400.589294433594,1947.50207519531
2016-09-15,43.7200012207031,417.815155029297,2020.28747558594
2016-09-22,43.4700012207031,419.712554931641,2035.49267578125
2016-09-29,43.1599998474121,421.160552978516,1974.92138671875
2016-10-06,42.439998626709,425.005096435547,2045.96166992188
2016-10-13,42.8499984741211,430.94677734375,2049.94970703125
2016-10-20,42.7799987792969,426.003692626953,1996.85668945312
2016-10-27,42.0200004577637,393.149688720703,1930.30297851562
2016-11-04,42.8400001525879,364.240173339844,1870.97790527344
2016-11-11,43.0200004577637,365.942260742188,1880.34375
2016-11-18,43.2900009155273,371.485382080078,1883.83349609375
2016-11-25,43.1599998474121,363.794982910156,1865.63586425781
2016-12-02,44.2400016784668,370.986022949219,1928.95385742188
2016-12-09,44.4500007629395,364.444152832031,1915.74182128906
2016-12-16,44.3300018310547,367.340576171875,1937.42932128906
2016-12-23,44.25,376.079620361328,1973.07739257812
2016-12-30,44.939998626709,381.622650146484,2000.99670410156
2017-01-06,44.9099998474121,392.858612060547,2010.96813964844
2017-01-13,45,392.109558105469,1991.27478027344
2017-01-20,45.6399993896484,386.566436767578,1959.36645507812
2017-01-27,45.3899993896484,388.514068603516,1962.8564453125
2017-02-03,45.7700004577637,390.311767578125,1971.33178710938
2017-02-10,46.4099998474121,405.642639160156,1988.41564941406
2017-02-17,46.6300010681152,406.741271972656,2001.87768554688
2017-02-24,46.8600006103516,410.586456298828,2033.28979492188
2017-03-03,46.5299987792969,409.08837890625,2005.36828613281
2017-03-10,47.2299995422363,411.984741210938,1991.90600585938
2017-03-17,46.9099998474121,394.506561279297,1988.41564941406
2017-03-24,47.2200012207031,397.003509521484,1985.42456054688
2017-03-30,46.9099998474121,397.003509521484,2011.3515625
2017-04-06,46.7599983215332,397.053375244141,2037.02966308594
2017-04-13,46.8300018310547,384.918548583984,1997.14135742188
2017-04-20,47.7200012207031,380.224517822266,1964.48278808594
2017-04-27,47.9599990844727,387.015930175781,1926.58996582031
2017-05-04,48.0099983215332,384.019653320312,1921.10473632812
2017-05-11,47.9300003051758,375.179779052734,1903.57153320312
2017-05-18,48.8400001525879,387.516021728516,1948.2001953125
2017-05-25,48.9099998474121,387.665802001953,1944.21154785156
2017-06-01,49.0999984741211,380.673645019531,1954.68298339844
2017-06-08,48.9000015258789,381.273010253906,2017.76123046875
2017-06-15,49.1100006103516,391.211822509766,2008.78564453125
2017-06-22,49.0400009155273,382.072143554688,1958.17309570312
2017-06-29,48.8699989318848,384.269622802734,1924.51477050781
2017-07-06,49.4700012207031,391.611358642578,1935.73425292969
2017-07-13,50.1199989318848,404.347076416016,1975.37683105469
2017-07-20,50.2700004577637,399.352630615234,1974.62878417969
2017-07-27,50.3199996948242,402.698944091797,1965.15454101562
2017-08-03,49.7599983215332,402.299438476562,1951.19250488281
2017-08-10,49.8499984741211,408.292694091797,1979.03076171875
2017-08-17,49.6300010681152,410.739990234375,1996.23583984375
2017-08-24,50.0699996948242,411.389190673828,1991.24865722656
2017-08-31,50.3499984741211,405.945373535156,1971.80017089844
2017-09-07,50.8899993896484,400.251708984375,1930.15979003906
2017-09-14,51.0999984741211,394.208465576172,1893.755859375
2017-09-21,51.0999984741211,387.965484619141,1883.03405761719
2017-09-28,51.6800003051758,406.694519042969,1954.59545898438
2017-10-05,51.9900016784668,408.692260742188,1962.32507324219
2017-10-12,52.060001373291,402.998687744141,1956.34069824219
2017-10-19,52.0699996948242,406.344879150391,1915.94714355469
2017-10-26,52.4199981689453,417.732116699219,1956.09155273438
2017-11-03,52.3800010681152,405.246063232422,1971.30090332031
2017-11-10,52.3199996948242,394.757934570312,1956.34069824219
2017-11-17,52.7700004577637,386.976745605469,1948.73559570312
2017-11-24,53.3499984741211,378.634765625,1918.81274414062
2017-12-01,53.1599998474121,375.387817382812,1917.31640625
2017-12-08,53.6199989318848,385.178436279297,1944.74597167969
2017-12-15,54.1500015258789,397.8662109375,1929.28552246094
2017-12-22,54.2200012207031,399.614532470703,1945.74291992188
2017-12-29,55.2299995422363,399.664459228516,1928.28833007812
2018-01-05,55.7599983215332,413.650939941406,1895.12353515625
2018-01-12,56.5900001525879,399.264801025391,1845.50122070312
2018-01-19,57.5699996948242,388.974792480469,1829.54235839844
2018-01-26,57.0400009155273,386.677001953125,1803.35925292969
2018-02-02,53.439998626709,370.49267578125,1747.75231933594
2018-02-09,54.6800003051758,384.379241943359,1724.31323242188
2018-02-16,54.9199981689453,396.267730712891,1744.39208984375
2018-02-23,54.3400001525879,394.469482421875,1758.85559082031
2018-03-02,54.8499984741211,395.768249511719,1779.30444335938
2018-03-09,55.189998626709,397.566497802734,1775.31481933594
2018-03-16,53.9500007629395,393.720245361328,1747.63403320312
2018-03-23,53.4099998474121,392.171691894531,1766.33703613281
2018-03-29,54.0699996948242,404.160125732422,1776.06286621094
2018-04-05,54.2299995422363,399.8642578125,1738.65612792969
2018-04-12,54.810001373291,402.062194824219,1749.37939453125
2018-04-19,54.1100006103516,403.460784912109,1778.30725097656
2018-04-26,53.3400001525879,414.649993896484,1854.11743164062
2018-05-03,55.1300010681152,428.336791992188,1901.25048828125
2018-05-10,55.3600006103516,424.390625,1836.91076660156
2018-05-17,54.8499984741211,421.636444091797,1879.73059082031
2018-05-24,54.5099983215332,419.638153076172,1916.14294433594
2018-05-31,55.6699981689453,395.808715820312,1915.39501953125
2018-06-07,55.7299995422363,397.457244873047,1918.88659667969
2018-06-14,54.8300018310547,391.112701416016,1934.59875488281
2018-06-21,54.0299987792969,383.369415283203,1959.03991699219
2018-06-28,54.4799995422363,384.868103027344,1962.0322265625
2018-07-05,55.4500007629395,392.511535644531,1968.76635742188
2018-07-12,55.6599998474121,396.508056640625,1984.2294921875
2018-07-19,56.4099998474121,404.201446533203,1979.24133300781
2018-07-26,55.7700004577637,403.502044677734,1995.70153808594
2018-08-02,56.4799995422363,403.502044677734,2033.86010742188
2018-08-09,55.6500015258789,388.365112304688,2038.5986328125
2018-08-16,56.1300010681152,391.862152099609,2025.55383300781
2018-08-23,56.9500007629395,388.365112304688,2017.57214355469
2018-08-30,55.9300003051758,384.468475341797,2009.341796875
2018-09-06,56.4900016784668,377.724212646484,1986.39477539062
2018-09-13,57.3800010681152,382.220336914062,1948.23291015625
2018-09-20,57.439998626709,382.520172119141,1943.2451171875
2018-09-27,56.6500015258789,378.673461914062,1898.59814453125
2018-10-04,53.810001373291,360.689025878906,1860.18713378906
2018-10-11,54.2000007629395,373.278106689453,1888.12268066406
2018-10-18,52.5499992370605,367.832763671875,1928.52893066406
2018-10-25,53.2900009155273,373.128234863281,1908.32580566406
2018-11-02,54.6699981689453,389.414154052734,1927.53125
2018-11-09,52.7900009155273,385.617462158203,1942.99548339844
2018-11-16,51.7099990844727,382.131988525391,1930.2587890625
2018-11-23,53.2900009155273,402.567687988281,1970.67041015625
2018-11-30,51.2299995422363,389.776611328125,1951.71179199219
2018-12-07,51.8400001525879,401.268524169922,1987.63330078125
2018-12-14,49.0699996948242,379.633758544922,1925.02038574219
2018-12-21,48.2099990844727,371.839172363281,1851.43237304688
2018-12-28,48.7599983215332,379.833557128906,1868.89404296875
2019-01-04,51.310001373291,400.119323730469,1931.755859375
2019-01-11,51.75,398.620422363281,1942.98095703125
2019-01-18,52.0499992370605,404.266448974609,1943.23059082031
2019-01-25,53.2700004577637,416.158142089844,2005.84350585938
2019-02-01,53.0099983215332,418.656372070312,2038.27197265625
2019-02-08,53.75,433.745727539062,2047.251953125
2019-02-15,54.6599998474121,429.298919677734,2012.46801757812
2019-02-22,55.0200004577637,422.653594970703,1985.52490234375
2019-03-01,54.3800010681152,423.303131103516,2002.73864746094
2019-03-08,55.3499984741211,428.849243164062,2012.46801757812
2019-03-15,55.9500007629395,437.493194580078,2068.84838867188
2019-03-22,55.185001373291,427.550109863281,2072.83959960938
2019-03-29,56.5499992370605,441.340515136719,2080.32397460938
2019-04-04,56.75,444.388244628906,2080.82250976562
2019-04-11,57.0499992370605,448.385528564453,2045.39770507812
2019-04-18,57.2599983215332,451.982940673828,2076.08251953125
2019-04-25,57.1199989318848,445.987121582031,2063.85888671875
2019-05-02,55.689998626709,439.641662597656,2035.91772460938
2019-05-09,56.5499992370605,451.183532714844,2120.48779296875
2019-05-16,55.2999992370605,450.5146484375,2117.41845703125
2019-05-23,54.8499984741211,456.91064453125,2102.44946289062
2019-05-30,55.8199996948242,462.806915283203,2119.41381835938
2019-06-06,56.7299995422363,474.19970703125,2134.63305664062
2019-06-13,57.8300018310547,484.792999267578,2172.55541992188
2019-06-20,57.5,477.697479248047,2107.6884765625
2019-06-27,58.9500007629395,499.733520507812,2202.24462890625
2019-07-04,58.6599998474121,501.307556152344,2197.25512695312
2019-07-11,58.2200012207031,499.783508300781,2191.26733398438
2019-07-18,58.7599983215332,498.184509277344,2176.29833984375
2019-07-25,58.6199989318848,523.293640136719,2220.70751953125
2019-08-01,56.9799995422363,520.545349121094,2233.68041992188
2019-08-08,55.4000015258789,506.429260253906,2219.458984375
2019-08-15,56.6699981689453,516.797729492188,2206.48608398438
2019-08-22,56.8899993896484,514.049438476562,2230.13891601562
2019-08-29,58.0800018310547,523.293640136719,2230.63793945312
2019-09-05,58.7999992370605,521.794494628906,2230.13891601562
2019-09-12,59.0499992370605,527.665771484375,2219.15942382812
2019-09-19,58.1500015258789,519.920715332031,2251.09741210938
2019-09-26,56.6599998474121,501.057739257812,2244.6103515625
2019-10-03,57.6300010681152,518.796508789062,2268.06420898438
2019-10-10,58.8499984741211,493.187683105469,2207.18334960938
2019-10-17,59.2900009155273,493.487457275391,2232.3837890625
2019-10-24,59.5099983215332,477.547576904297,2207.68212890625
2019-11-01,60.7799987792969,478.496948242188,2191.96240234375
2019-11-08,60.560001373291,474.299652099609,2148.04956054688
2019-11-15,60.7099990844727,469.05322265625,2153.6689453125
2019-11-22,61.6199989318848,486.144317626953,2185.6083984375
2019-11-29,60.9300003051758,484.844970703125,2121.72998046875
2019-12-06,61.8400001525879,493.340515136719,2093.78295898438
2019-12-13,62.6800003051758,511.980590820312,2120.23168945312
2019-12-20,63.060001373291,520.601196289062,2139.6953125
2019-12-27,63.3800010681152,518.477233886719,2129.71459960938
2020-01-03,63.7900009155273,529.721374511719,2130.462890625
2020-01-10,64.379997253418,543.089477539062,2187.10595703125
2020-01-17,64.2600021362305,543.9638671875,2186.60717773438
2020-01-24,63.2700004577637,538.216857910156,2170.8857421875
2020-01-31,64.8199996948242,573.948059082031,2209.31420898438
2020-02-07,65.2900009155273,586.69140625,2207.56689453125
2020-02-14,64.6100006103516,625.920837402344,2236.904296875
2020-02-21,59.4799995422363,563.45361328125,2105.14624023438
2020-02-28,59.4199981689453,584.692443847656,2109.6376953125
2020-03-06,47.6699981689453,427.774932861328,1738.81677246094
2020-03-13,45.4099998474121,419.779235839844,1490.271484375
2020-03-20,50.1800003051758,482.995971679688,1647.73327636719
2020-03-27,48.3600006103516,439.468872070312,1501.75048828125
2020-04-02,53.1800003051758,488.043273925781,1753.29016113281
2020-04-09,52.7299995422363,475.749755859375,1637.75170898438
2020-04-16,53.6699981689453,484.595153808594,1639.74792480469
2020-04-23,55.2799987792969,494.989685058594,1686.41259765625
2020-04-30,54.8499984741211,503.110382080078,1680.42333984375
2020-05-07,53.2400016784668,498.837585449219,1549.41333007812
2020-05-14,55.939998626709,532.496704101562,1643.91711425781
2020-05-21,58.3199996948242,555.235900878906,1730.51794433594
2020-05-28,60.0200004577637,562.607482910156,1801.89514160156
2020-06-04,59.2099990844727,546.739990234375,1736.75720214844
2020-06-11,59.8400001525879,568.979370117188,1817.11889648438
2020-06-18,58.7200012207031,565.730834960938,1727.0244140625
2020-06-25,60.5499992370605,596.466247558594,1792.16174316406
2020-07-02,60.2700004577637,611.209228515625,1700.81921386719
2020-07-09,61.810001373291,641.944580078125,1721.28393554688
2020-07-16,63.1199989318848,672.43017578125,1718.2890625
2020-07-23,62.1699981689453,636.447265625,1713.2978515625
2020-07-30,63.5900001525879,682.925170898438,1716.29260253906
2020-08-06,64.879997253418,716.659118652344,1728.27209472656
2020-08-13,64.6800003051758,716.159240722656,1704.6982421875
2020-08-20,66.4000015258789,734.900451660156,1717.42724609375
2020-08-27,65.9899978637695,708.412963867188,1718.42553710938
2020-09-03,65.1399993896484,733.90087890625,1752.61962890625
2020-09-10,64.8000030517578,740.14794921875,1772.08752441406
2020-09-17,62.4700012207031,741.89697265625,1676.99365234375
2020-09-24,64.7600021362305,843.098876953125,1722.91821289062
2020-10-01,65.7200012207031,949.048461914062,1770.58996582031
2020-10-08,65.9300003051758,919.312744140625,1739.89038085938
2020-10-15,65.5500030517578,873.084716796875,1697.95922851562
2020-10-22,62.8899993896484,872.085144042969,1650.28747558594
2020-10-30,67.1500015258789,930.307434082031,1721.91979980469
2020-11-06,68.5299987792969,958.294067382812,1802.2880859375
2020-11-13,69.0199966430664,940.583618164062,1806.88586425781
2020-11-20,70.5100021362305,998.807922363281,1816.86999511719
2020-11-27,71.5,985.31396484375,1804.88891601562
2020-12-04,71.6399993896484,1008.05383300781,1822.86071777344
2020-12-11,72.7399978637695,1070.02648925781,1820.36450195312
2020-12-18,72.4300003051758,1179.47802734375,1789.41369628906
2020-12-25,73.1500015258789,1190.97290039062,1804.63940429688
2021-01-01,74.5599975585938,1424.36962890625,1784.42150878906
2021-01-08,75,1358.39868164062,1791.41052246094
2021-01-15,75.3300018310547,1347.40368652344,1793.90637207031
2021-01-22,74.2300033569336,1261.44152832031,1814.37390136719
2021-01-29,75.0699996948242,1300.42443847656,1829.35034179688
2021-02-05,76.5599975585938,1293.92736816406,1836.08923339844
2021-02-12,76.2799987792969,1147.49194335938,1802.49670410156
2021-02-19,76.129997253418,1064.52880859375,1849.1748046875
2021-02-26,74.6999969482422,975.318298339844,1819.72021484375
2021-03-05,76.8300018310547,1045.53723144531,1860.15832519531
2021-03-12,77.2099990844727,960.075012207031,1887.86584472656
2021-03-19,75.6999969482422,927.089721679688,1887.11694335938
2021-03-26,77.6100006103516,1012.55187988281,1900.84594726562
2021-04-01,79.0800018310547,981.065795898438,1951.01953125
2021-04-08,80.4199981689453,958.325744628906,1968.7421875
2021-04-15,80.6900024414062,1001.55670166016,1999.69506835938
2021-04-22,81.0400009155273,964.073303222656,1993.70422363281
2021-04-29,80.5999984741211,884.8583984375,1981.47290039062
2021-05-06,79.4000015258789,843.626647949219,1920.56567382812
2021-05-13,80.8300018310547,905.881652832031,1943.42761230469
2021-05-20,81.629997253418,913.378479003906,1972.38586425781
2021-05-27,81.6600036621094,895.885620117188,2026.05773925781
2021-06-03,82.5299987792969,899.38427734375,2072.24047851562
2021-06-10,82.4000015258789,934.1201171875,2056.01440429688
2021-06-17,82.8000030517578,945.615417480469,2058.76049804688
2021-06-24,83.0599975585938,973.60400390625,2065.00073242188
2021-07-01,82.8300018310547,960.859313964844,2090.21411132812
2021-07-08,83.7600021362305,919.126220703125,2104.44360351562
2021-07-15,83.6600036621094,950.613342285156,2121.91918945312
2021-07-22,85.0500030517578,935.369689941406,2115.92700195312
2021-07-29,85.2399978637695,948.6142578125,2123.666015625
2021-08-05,85.5999984741211,940.367553710938,2108.43872070312
2021-08-12,84.2699966430664,937.618774414062,2117.79736328125
2021-08-19,85.7799987792969,960.859313964844,2119.54516601562
2021-08-26,87.1900024414062,988.098205566406,2161.986328125
2021-09-02,86.7399978637695,950.113647460938,2135.52294921875
2021-09-09,85.7600021362305,927.622863769531,2107.0625
2021-09-16,85.7300033569336,945.865417480469,2106.81298828125
2021-09-23,83.370002746582,914.8779296875,2079.10131835938
2021-09-30,84.4499969482422,906.63134765625,2091.33471679688
2021-10-07,84.9899978637695,949.363952636719,2120.54345703125
2021-10-14,86.629997253418,981.101013183594,2129.78100585938
2021-10-21,87.6399993896484,1036.57836914062,2153.49755859375
2021-10-28,88.8300018310547,1039.5771484375,2206.67407226562
2021-11-05,88.5299987792969,1056.5703125,2202.67919921875
2021-11-12,89.0199966430664,1029.11706542969,2205.78540039062
2021-11-19,88.5299987792969,1037.11389160156,2240.48828125
2021-11-26,85.5800018310547,972.637939453125,2156.85131835938
2021-12-03,87.9599990844727,977.386352539062,2225.25952148438
2021-12-10,88.0500030517578,925.405578613281,2207.28369140625
2021-12-17,88.6800003051758,904.413391113281,2203.28881835938
2021-12-24,89.8399963378906,902.164184570312,2246.23168945312
2021-12-31,88.2099990844727,838.43798828125,2207.53344726562
2022-01-07,88.9499969482422,830.44091796875,2184.314453125
2022-01-14,86.8300018310547,821.194274902344,2140.623046875
2022-01-21,82.9899978637695,766.214782714844,2122.14794921875
2022-01-28,85.120002746582,770.963073730469,2124.89428710938
2022-02-04,86.2099990844727,791.455383300781,2110.41381835938
2022-02-11,83.9499969482422,785.207824707031,2068.47021484375
2022-02-18,79.120002746582,779.709838867188,2028.89038085938
2022-02-25,81.4700012207031,840.187316894531,2090.31127929688
2022-03-04,78.879997253418,905.412963867188,2118.52514648438
2022-03-11,82.2699966430664,912.160461425781,2167.71166992188
2022-03-18,83.9199981689453,913.659912109375,2147.48779296875
2022-03-25,85.5800018310547,942.399230957031,2230.63134765625
2022-03-31,83.1500015258789,943.398864746094,2205.16333007812
2022-04-07,82.8000030517578,915.909118652344,2206.412109375
2022-04-14,83.4100036621094,880.42236328125,2239.11987304688
2022-04-21,78.75,864.678283691406,2233.626953125
2022-04-28,77.6399993896484,881.171997070312,2164.46606445312
2022-05-05,73.4899978637695,792.455078125,2053.35913085938
2022-05-12,74.120002746582,863.705322265625,2035.29821777344
2022-05-19,76.4899978637695,890.4462890625,2074.25146484375
2022-05-26,77.0599975585938,899.443237304688,2071.25512695312
2022-06-02,76.9199981689453,929.682922363281,2024.56115722656
2022-06-09,69.4599990844727,839.463623046875,1900.96008300781
2022-06-16,70.8899993896484,892.445556640625,1959.38977050781
2022-06-23,71,895.694396972656,1977.36791992188
2022-06-30,72.4599990844727,943.053344726562,2028.80590820312
2022-07-07,69.9000015258789,919.686340332031,1997.09436035156
2022-07-14,74.0599975585938,936.680480957031,2041.04125976562
2022-07-21,75.379997253418,1026.64965820312,2101.21875
2022-07-28,77.0999984741211,1044.64379882812,2092.97827148438
2022-08-04,78.7399978637695,1109.12182617188,2122.19360351562
2022-08-11,79.0599975585938,1111.12097167969,2140.896484375
2022-08-18,76.9499969482422,1109.62158203125,2093.44897460938
2022-08-25,72.4599990844727,1072.13427734375,2038.01013183594
2022-09-01,73.7799987792969,1138.61145019531,2087.45629882812
2022-09-08,72.8000030517578,1113.62023925781,2036.51196289062
2022-09-15,69.7300033569336,1053.14074707031,1961.84387207031
2022-09-22,67.3000030517578,994.660705566406,1880.93286132812
2022-09-29,69.8499984741211,983.164611816406,1888.1748046875
2022-10-06,67.1100006103516,899.693115234375,1791.53125
2022-10-13,68.8499984741211,906.940551757812,1829.23950195312
2022-10-20,71.2600021362305,942.428527832031,1856.70959472656
2022-10-27,69.4599990844727,975.167358398438,1880.18371582031
2022-11-04,73.6399993896484,1000.28381347656,1950.10717773438
2022-11-11,73.8899993896484,986.163635253906,1875.43884277344
2022-11-18,76.1900024414062,993.684143066406,1874.08032226562
2022-11-25,77.0299987792969,984.68701171875,1868.08642578125
2022-12-02,75.0899963378906,966.942565917969,1855.34973144531
2022-12-09,74.0699996948242,977.564392089844,1851.60339355469
2022-12-16,72.6999969482422,956.695922851562,1825.13049316406
2022-12-23,73.5599975585938,949.1982421875,1838.86645507812
2022-12-30,72.9800033569336,934.952819824219,1858.59606933594
2023-01-06,76.2600021362305,995.183654785156,1917.53588867188
2023-01-13,75.4400024414062,945.199645996094,1882.07202148438
2023-01-20,77.6999969482422,948.948303222656,1929.52331542969
2023-01-27,80.1900024414062,979.688659667969,2035.4150390625
2023-02-03,79.0800018310547,933.953125,1982.46911621094
2023-02-10,79.0299987792969,949.698181152344,1965.48681640625
2023-02-17,76.7600021362305,911.960083007812,1917.16809082031
2023-02-24,76.1399993896484,921.457092285156,1892.69128417969
2023-03-03,77.0100021362305,954.196655273438,1892.69128417969
2023-03-10,75.2600021362305,889.717224121094,1796.533203125
2023-03-17,76.7900009155273,891.716552734375,1721.35534667969
2023-03-24,77.9599990844727,907.211669921875,1767.06140136719
2023-03-30,78.6500015258789,881.7197265625,1770.05859375
2023-04-06,79.6999969482422,898.71435546875,1760.31823730469
2023-04-13,79.8000030517578,902.713073730469,1785.04431152344
2023-04-20,79.25,868.473937988281,1772.55627441406
2023-04-27,78.5999984741211,837.608703613281,1762.56579589844
2023-05-04,79.629997253418,843.856750488281,1773.80480957031
2023-05-11,80.3199996948242,865.724792480469,1756.07202148438
2023-05-18,79.120002746582,853.228759765625,1699.12622070312
2023-05-25,80.2399978637695,846.751586914062,1703.28356933594
2023-06-01,81.7699966430664,849.750671386719,1754.98913574219
2023-06-08,84.0599975585938,845.751831054688,1732.75805664062
2023-06-15,83.0400009155273,814.885864257812,1682.30151367188
2023-06-22,83.3000030517578,817.01025390625,1714.27404785156
2023-06-29,82.7600021362305,796.016479492188,1714.27404785156
2023-07-06,85.6100006103516,826.007629394531,1733.0078125
2023-07-13,86.4100036621094,836.879455566406,1772.97375488281
2023-07-20,87.1100006103516,818.509887695312,1770.72546386719
2023-07-27,85.0899963378906,782.520385742188,1735.75561523438
2023-08-03,85.4300003051758,773.273132324219,1756.98718261719
2023-08-10,82.9899978637695,723.037841796875,1677.30578613281
2023-08-17,83.0899963378906,726.036987304688,1699.18383789062
2023-08-24,85.1600036621094,728.786193847656,1722.41564941406
2023-08-31,83.9700012207031,705.293029785156,1725.66333007812
2023-09-07,84.9700012207031,729.785766601562,1743.89929199219
2023-09-14,82.6500015258789,714.290405273438,1713.92260742188
2023-09-21,81.5599975585938,685.048950195312,1663.21179199219
2023-09-28,80.0699996948242,639.812255859375,1638.48095703125
2023-10-05,82.6500015258789,670.303344726562,1674.70288085938
2023-10-12,81.129997253418,657.057189941406,1638.73071289062
2023-10-19,78.5,632.314453125,1592.5166015625
2023-10-26,81.3000030517578,621.067749023438,1659.71447753906
2023-11-03,82.7799987792969,620.817810058594,1647.72375488281
2023-11-10,84.6800003051758,637.562927246094,1675.20251464844
2023-11-17,86.120002746582,635.848327636719,1667.58923339844
2023-11-24,86.0899963378906,640.097351074219,1677.33264160156
2023-12-01,86.6999969482422,646.845642089844,1736.29162597656
2023-12-08,89.5400009155273,678.088256835938,1828.2275390625
2023-12-15,89.8199996948242,698.333435058594,1818.73425292969
2023-12-22,90.9400024414062,707.581176757812,1843.21716308594
2023-12-29,89.6600036621094,679.837768554688,1813.73742675781
2024-01-05,89.870002746582,659.342712402344,1803.74462890625
2024-01-12,89.8899993896484,624.101135253906,1753.27978515625
2024-01-19,91.9599990844727,628.849975585938,1764.0224609375
2024-01-26,91.9100036621094,637.097961425781,1740.78845214844
2024-02-02,93.4300003051758,644.096313476562,1747.78369140625
2024-02-09,93.9400024414062,668.340515136719,1746.53442382812
2024-02-16,95.2099990844727,635.348449707031,1747.92443847656
2024-02-23,95.3000030517578,628.100158691406,1736.43151855469
2024-03-01,97.2099990844727,637.847839355469,1740.67883300781
2024-03-08,97.0699996948242,611.104248046875,1729.93530273438
2024-03-15,98.8499984741211,621.851684570312,1775.40734863281
2024-03-22,98.7600021362305,635.848327636719,1802.890625
2024-03-29,98.6999969482422,641.346984863281,1770.91015625
2024-04-04,96.8099975585938,629.099853515625,1747.42456054688
2024-04-11,94.8600006103516,610.354370117188,1699.4541015625
2024-04-18,94.5,595.357971191406,1708.19897460938
2024-04-25,95.129997253418,615.103271484375,1735.93176269531
2024-05-02,98.1900024414062,636.348205566406,1769.91076660156
2024-05-09,100.370002746582,643.596435546875,1775.90710449219
2024-05-16,100.01000213623,657.612976074219,1722.09875488281
2024-05-23,98.9700012207031,673.609619140625,1700.36010742188
2024-05-30,100.720001220703,669.110534667969,1736.09143066406
2024-06-06,100.940002441406,665.111389160156,1718.10083007812
2024-06-13,101.940002441406,635.992431640625,1725.59692382812
2024-06-20,101.5,621.245483398438,1730.84423828125
2024-06-27,103.040000915527,617.371337890625,1735.59155273438
2024-07-04,104.160003662109,632.3681640625,1773.32202148438
2024-07-11,103.51000213623,616.371520996094,1822.54626464844
2024-07-18,101.550003051758,626.244445800781,1800.05786132812
2024-07-25,101.839996337891,632.3681640625,1832.54089355469
2024-08-01,98.8899993896484,629.618774414062,1849.0322265625
2024-08-08,103.169998168945,634.86767578125,1859.52697753906
2024-08-15,104.809997558594,620.120788574219,1841.03649902344
2024-08-22,105.75,623.620056152344,1862.17211914062
2024-08-29,103.050003051758,620.370727539062,1884.66223144531
2024-09-05,104.040000915527,627.369262695312,1924.14453125
2024-09-12,106.940002441406,633.617980957031,1915.6484375
2024-09-19,107.680000305176,627.369262695312,1896.90661621094
2024-09-26,106.480003356934,625.369689941406,1901.65466308594
2024-10-03,107.559997558594,600.874755859375,1874.66650390625
2024-10-10,108.669998168945,595.375915527344,1925.89392089844
2024-10-17,107.309997558594,581.253845214844,1912.39990234375
2024-10-24,105.910003662109,584.878112792969,1899.15576171875
2024-11-01,109.730003356934,560.008239746094,1864.42114257812
2024-11-08,109.349998474121,541.137268066406,1882.41320800781
2024-11-15,108.769996643066,544.932983398438,1909.77795410156
2024-11-22,110.169998168945,556.931518554688,1953.76123046875
2024-11-29,111.889999389648,547.182678222656,1888.03625488281
2024-12-06,111.430000305176,541.433410644531,1877.7900390625
2024-12-13,107.970001220703,524.935424804688,1801.06909179688
2024-12-20,109.019996643066,534.934204101562,1819.31225585938
2024-12-27,107.940002441406,539.433654785156,1848.30126953125
2025-01-03,108.26000213623,537.933837890625,1832.30737304688
2025-01-10,109.069999694824,536.434020996094,1863.29565429688
2025-01-17,111.73999786377,516.436462402344,1862.5458984375
2025-01-24,111.639999389648,527.435119628906,1875.291015625
2025-01-31,112.190002441406,529.184875488281,1892.03466796875
2025-02-07,112.860000610352,513.686828613281,1864.79504394531
2025-02-14,112.809997558594,519.436096191406,1860.92553710938
2025-02-21,110.980003356934,517.436401367188,1880.66955566406
2025-02-28,109.430000305176,502.938140869141,1819.93823242188
2025-03-07,105.139999389648,510.312255859375,1761.45617675781
2025-03-14,107.589996337891,523.185668945312,1788.69775390625
2025-03-21,107.889999389648,513.061889648438,1787.94799804688
2025-03-28,103.330001831055,511.937042236328,1756.95764160156
2025-04-03,99.3000030517578,481.040832519531,1660.4873046875
2025-04-10,101.48999786377,497.138854980469,1729.21630859375
2025-04-17,104.440002441406,503.938018798828,1734.96447753906
2025-04-24,107.73999786377,678.076599121094,1767.95434570312
2025-05-01,108.680000305176,687.785400390625,1772.45275878906
2025-05-08,112.019996643066,742.438720703125,1751.45947265625
2025-05-15,111.76000213623,528.954956054688,1713.86218261719
2025-05-22,112.839996337891,536.704284667969,1747.60461425781
2025-05-29,114.589996337891,540.203979492188,1745.85510253906
2025-06-05,115.309997558594,556.577575683594,1763.10107421875
2025-06-12,112.949996948242,541.453857421875,1764.85083007812
2025-06-19,116.519996643066,550.328125,1723.86010742188
2025-06-26,119.110000610352,583.950256347656,1764.85083007812
2025-07-03,119.050003051758,575.200988769531,1761.60144042969
2025-07-10,118.879997253418,579.450622558594,1774.0986328125
2025-07-17,120.959999084473,595.199279785156,1787.095703125
2025-07-24,120.080001831055,586.200073242188,1793.59423828125
2025-07-31,120.150001525879,586.200073242188,1778.59765625
2025-08-07,122.089996337891,578.70068359375,1747.10473632812
2025-08-14,121.470001220703,609.948059082031,1787.75439453125
2025-08-21,122.949996948242,621.697021484375,1792.75366210938
2025-08-28,122.559997558594,612.447814941406,1790.75390625
2025-09-04,124.959999084473,626.571655273438,1813.50085449219
2025-09-11,125.900001525879,638.945556640625,1804.75207519531
2025-09-18,124.860000610352,651.194519042969,1803.50219726562
2025-09-25,126.769996643066,679.942077636719,1817.00036621094
2025-10-02,127.199996948242,699.4404296875,1814.75061035156
2025-10-09,126.910003662109,728.687927246094,1827.74890136719
2025-10-16,127.379997253418,701.440246582031,1859.49450683594
2025-10-23,129.419998168945,752.935852050781,1834.248046875
2025-10-31,127.160003662109,781.933410644531,1830.24853515625
2025-11-07,128.729995727539,734.187438964844,1820.74987792969
2025-11-14,126.01000213623,721.25,1811.37927246094
2025-11-21,128.729995727539,722.75,1813.37915039062
2025-11-28,129.75,720.25,1791.13061523438
2025-12-05,130.369995117188,716,1774.88171386719
2025-12-12,129.559997558594,699.5,1784.88110351562
2025-12-19,131.419998168945,706,1775.88159179688
2025-12-26,131.110000610352,701.75,1794.38037109375
